,time,gait,gazebo_r,gazebo_p,gazebo_y,gazebo_x,gazebo_y,gazebo_z,gazebo_wx,gazebo_wy,gazebo_wz,gazebo_vx,gazebo_vy,gazebo_vz,r,p,y,x,y,z,wx,wy,wz,vx,vy,vz,raw_vx,raw_vy,raw_vz
0,0.0,0.0,0.0,0.0,0.0,0.0,0.0,0.0,0.0,0.0,0.0,0.0,0.0,0.0,0.0,0.0,0.0,0.0,0.0,0.0,0.0,0.0,0.0,0.0,0.0,0.0,0.0,0.0,0.0
1,15.405,0.0,0.0,0.0,0.0,-0.0014069444502177078,0.021175432472092356,0.056650939887915266,0.0,0.0,0.0,0.0010108845769775197,0.0005742129783612886,0.0019032508822294828,-1.6363638025665948e-06,-7.44637042397131e-08,0.010662465432025559,0.0,0.0,0.036736929540322615,-0.007067121067593239,-0.0013322689206247689,0.00031681167888797477,0.00011163120635477593,6.748281824161047e-05,-1.1266974517600228e-05,0.0,0.0,0.0
2,15.415,0.0,9.837345151060965e-10,-7.53842662317175e-08,0.010663422191246118,-0.00140605272060555,0.021175320833922907,0.05665101775769034,-0.004478024367347303,0.0021786194342582835,-2.1543334231008637e-05,-0.000593591823527509,8.221708876551855e-05,0.0011009526854838152,9.837345151060965e-10,-7.53842662317175e-08,0.010663422191246118,-9.893702217558809e-08,-2.8191899190815883e-07,0.03673658325480327,-0.004478024367347303,0.0021786194342582835,-2.1543334231008637e-05,3.867190917618917e-05,-4.386541820435864e-05,9.70284930529948e-06,-7.0669301554030634e-06,-2.013707085059393e-05,-2.4734679953054464e-05
3,15.425,0.0,-1.1049678652033328e-08,4.947068947721965e-06,0.010663588785918637,-0.0014067543021418433,0.021175190095119048,0.05665083468391795,-1.0205382330873329e-05,-0.0045308233013143205,-3.335582217497113e-05,0.0006235014043596225,0.0005226997562087173,0.001391843538356552,-1.1049678652033328e-08,4.947068947721965e-06,0.010663588785918637,-4.3599437214020265e-07,-3.6718988581652123e-07,0.036736824698470436,-1.0205382330873329e-05,-0.0045308233013143205,-3.335582217497113e-05,-8.879746923078149e-05,-6.59966227290833e-05,4.52435534465003e-06,-2.179971860699896e-05,-1.8359494290832343e-05,-5.242092608964217e-06
4,15.435,0.0,-9.841581554529106e-09,-9.560771070169384e-08,0.010663869674304688,-0.0014059029873615323,0.02117509063658788,0.05665109874929121,-0.005156201327185834,0.005895559631968072,-7.1472500381894054e-06,-0.000775892086210199,0.00027751504663645174,0.0016705491561994034,-9.841581554529106e-09,-9.560771070169384e-08,0.010663869674304688,-3.6375440047933805e-07,-1.9908204107466076e-07,0.036737320033852106,-0.005156201327185834,0.005895559631968072,-7.1472500381894054e-06,9.075548130876348e-05,5.5501968741148554e-05,7.798244230360032e-05,-1.3240868915171586e-05,4.141847541681084e-06,3.683895244168835e-05
5,15.445,0.0,4.432863480708269e-10,7.407332090654049e-08,0.010662929046351972,-0.001407837984271729,0.02117542253686601,0.05665142443940807,-0.0029850350920816965,-0.006750320511868361,-2.0596818024168613e-05,-0.0009510384266194152,6.942315105055663e-05,0.0006606062727153435,4.432863480708269e-10,7.407332090654049e-08,0.010662929046351972,-4.98027250401406e-07,-4.198064321031536e-07,0.03673765069794408,-0.0029850350920816965,-0.006750320511868361,-2.0596818024168613e-05,-0.00012729265265069736,-2.407655513032982e-05,1.7175733031729342e-05,-3.10164391307614e-06,-2.630827314320678e-06,4.129997368236432e-05
6,15.455,0.0,2.558160750207766e-05,-1.235005705562223e-07,0.01066343687377198,-0.0014066349702565241,0.021176862387972797,0.056654510325124224,0.002074470488870878,-0.0005131363046947942,-0.001109366191755227,-0.0028236995633104693,-0.0008248021270638148,0.0028754084126880316,2.558160750207766e-05,-1.235005705562223e-07,0.01066343687377198,-4.937409147434679e-07,-1.140143435371388e-06,0.036732093606603476,0.002074470488870878,-0.0005131363046947942,-0.001109366191755227,7.143204850406601e-05,-9.210391728575615e-05,-0.0002726839367658453,-6.4993257132247206e-06,-4.705306971480828e-05,-0.00026132136243154134
7,15.465,0.0,2.0567415762704024e-05,3.4914418964448525e-06,0.01066056964256666,-0.0014069613201894452,0.021177360330393975,0.056653682105796854,0.0027296753306451545,0.0030770447965191797,-0.0011547445197076117,0.0016860615415788009,-0.0010173806907957952,0.002817470885707471,2.0567415762704024e-05,3.4914418964448525e-06,0.01066056964256666,7.594714803577096e-07,-1.1113335441279015e-06,0.03673617779787644,0.0027296753306451545,0.0030770447965191797,-0.0011547445197076117,9.543455044965769e-05,-4.20347590492772e-05,-5.306219957752627e-05,6.287493653798586e-05,-3.457635560122314e-05,-7.364500338207244e-05
8,15.475,0.0,2.2785984723692724e-05,-5.378870087132997e-05,0.01065509826258958,-0.001403684662024836,0.021177045630467024,0.05665648482414977,-0.001710072857425301,-0.01765315443532593,-2.6553635964540962e-05,0.00037347741521517386,-0.0013645008607820778,0.005736474659070081,2.2785984723692724e-05,-5.378870087132997e-05,0.01065509826258958,-3.794199219257083e-06,-1.4374715096646118e-06,0.036740605138558174,-0.001710072857425301,-0.01765315443532593,-2.6553635964540962e-05,-0.0003520683233781504,2.4781264188221926e-05,0.0007583765801213665,-0.00016502291522568042,-1.4866403714673358e-05,0.00042557659773515065
9,15.485,0.0,2.8317389270753483e-05,-3.613221462627819e-05,0.010651980773176651,-0.0014107452316582563,0.02117442454564692,0.05665195849526304,0.004484655617659272,-0.03987723950888345,-0.0006382881040225551,-0.0014775606119693354,-0.0005900292712008236,0.002478155116053855,2.8317389270753483e-05,-3.613221462627819e-05,0.010651980773176651,-3.6690654911068765e-06,-1.8932337152305356e-06,0.0367319606006564,0.004484655617659272,-0.03987723950888345,-0.0006382881040225551,-0.00039286365640089633,-6.553664910815632e-05,-0.0010224150972934776,-0.00022142684857328316,-3.909500855514034e-05,-0.00021085986100209697
10,15.495,0.0,-1.876180859487872e-06,1.3224031248253031e-05,0.01065662972606671,-0.0014087840133368886,0.021176590137765083,0.05665044465446574,-0.0016109909928132622,0.013465607579633516,-0.00033544119611774787,0.0008095754589207842,6.852375045647555e-05,-0.0001820820814757149,-1.876180859487872e-06,1.3224031248253031e-05,0.01065662972606671,-1.8155660462398915e-06,-7.687558803912142e-07,0.03673234783904532,-0.0016109909928132622,0.013465607579633516,-0.00033544119611774787,0.000536231017285023,6.0703218068971875e-05,0.00017216180816627798,9.893165865088704e-05,3.3435781463697003e-05,-0.000412864975643056
11,15.505,0.0,-9.691288328630696e-06,3.466252381237499e-08,0.010657786942959747,-0.0014092514564510968,0.02117725234168315,0.05664963309006647,0.0019028851804312335,-0.00024145156014577395,2.2995509404402204e-05,-5.497691904658995e-06,0.0007462036481531854,-0.0009365414683833393,-9.691288328630696e-06,3.466252381237499e-08,0.010657786942959747,-1.8533661249493794e-06,3.1412750520903865e-07,0.036736701938934996,0.0019028851804312335,-0.00024145156014577395,2.2995509404402204e-05,-3.636716445488921e-05,6.895461103506027e-05,0.0004280915322210276,9.078496830790573e-05,0.00011036806102200425,0.00023706691392970063
12,15.515,0.0,-5.097824205754983e-06,-1.4947504514611204e-05,0.01066033685964602,-0.0014152613453009915,0.021174344843413306,0.05665103675473575,-0.010510939195509968,0.0006034109254645651,0.0010143037547640323,-0.001221204861567269,0.0006015322432398486,-0.005860363234605317,-5.097824205754983e-06,-1.4947504514611204e-05,0.01066033685964602,-2.3731600956276855e-06,1.3741189597987757e-07,0.036736635955901015,-0.010510939195509968,0.0006034109254645651,0.0010143037547640323,-3.79296972481898e-05,0.00018012643723568374,-9.158692682078165e-05,-2.7879702469424537e-05,4.5308388818544073e-05,0.00021440584278477153
13,15.525,0.0,-2.562192147145109e-05,9.91155689403722e-06,0.010665603591343636,-0.0014083454318180068,0.02117461783265677,0.05664631206731999,-0.001992934163173331,0.010243069751390384,-0.0007962529104915868,0.0013210137691346793,-7.341826330496113e-05,-0.009154163863284779,-2.562192147145109e-05,9.91155689403722e-06,0.010665603591343636,-1.2274820191532365e-06,8.615278014600936e-07,0.03674127927393572,-0.001992934163173331,0.010243069751390384,-0.0007962529104915868,0.00012220413878010692,-6.53217224998913e-05,-6.916252828149708e-05,3.1294205289781636e-05,2.7370014812534185e-05,0.00022886675003647606
14,15.535,0.0,-1.6687284495985927e-05,-2.4782348389071873e-06,0.010665169828536481,-0.0014101825657051388,0.021177853018181703,0.05664718529848327,0.008143298896122305,0.026060087819041337,-0.0031175930006076507,0.0016592435783896221,0.000897791679755728,-0.003970819335571708,-1.6687284495985927e-05,-2.4782348389071873e-06,0.010665169828536481,-3.462650855757393e-06,1.8063071541146725e-06,0.036742445498864386,0.008143298896122305,0.026060087819041337,-0.0031175930006076507,9.097197709235208e-05,-3.751057678650391e-05,0.0011853003650767926,-5.4474538006538124e-05,8.344476290676701e-05,0.00029047714816871263
15,15.545,0.0,1.557011983209156e-05,-8.941856321007582e-06,0.010664713278484339,-0.0014118845261209517,0.021174948563641237,0.05664972057841208,0.016832447151752652,0.010573343315967872,0.0006668693235346553,-0.0008436383783114898,-0.0017921991816439151,0.0030487712042312144,1.557011983209156e-05,-8.941856321007582e-06,0.010664713278484339,-3.4629581482509275e-06,-6.526010961696582e-07,0.03673816044400953,0.016832447151752652,0.010573343315967872,0.0006668693235346553,-0.000202715580710074,-0.00014537359597145425,-0.001045613027043243,-0.00011177380645490034,-7.570644488137649e-05,-0.00015594149630924142
16,15.555,0.0,-1.972906131238536e-08,-4.301915986354228e-08,0.010663269304692061,-0.0014142903238223332,0.021174856752902375,0.05665283134412351,-0.0015903738207399282,0.02950684897870922,-1.979812500799472e-05,0.0007948281433576259,0.0003608378291898404,0.0015316643278114564,-1.972906131238536e-08,-4.301915986354228e-08,0.010663269304692061,-3.7377531455634605e-06,-3.3844408201672005e-07,0.03673697467425406,-0.0015903738207399282,0.02950684897870922,-1.979812500799472e-05,0.00016345978421405437,7.697640694844481e-05,0.0004861266594711482,-1.375511449029866e-05,-0.0001072375618065164,-0.0002735412305158863
17,15.565,0.0,-4.7453697709120185e-09,-3.3142686421865287e-06,0.010665144089544531,-0.0014144160508688063,0.021173879184071657,0.05664970237691068,-0.0013031123118409512,-0.009497004666074673,5.286135109420407e-06,-9.665241295462607e-05,-0.0016750515411813787,6.360769022313723e-05,-4.7453697709120185e-09,-3.3142686421865287e-06,0.010665144089544531,-4.348571910749166e-06,-7.31016040811383e-07,0.036730539684070446,-0.0013031123118409512,-0.009497004666074673,5.286135109420407e-06,-0.00043909836754062154,-6.049383028694554e-06,-0.0008272024692320631,-4.428068812492285e-05,-3.9207472320966175e-06,-0.00038103799695412015
18,15.575,0.0,-1.632958577896236e-05,-1.1421001018219674e-05,0.010669085396797732,-0.001412194679111675,0.021175596194429287,0.05664920725043997,-0.01622208390006497,-0.01667120344730124,0.0004024294795544481,0.0014819420389503516,0.0006942593470587839,-0.0038446439535165205,-1.632958577896236e-05,-1.1421001018219674e-05,0.010669085396797732,-4.312584336162162e-06,6.030176763968664e-07,0.036736166120870876,-0.01622208390006497,-0.01667120344730124,0.0004024294795544481,-0.00012684546747455123,0.00019724340518269777,-0.00037844544316487875,-2.8741559529947577e-05,4.7073087920716465e-05,-4.042766915908766e-05
19,15.585,0.0,-3.4920721520687513e-06,1.21899630010176e-05,0.010670822627978633,-0.0014125194601254352,0.021176890432200376,0.05664649359997988,0.005946249474912198,0.01586251547713688,-0.0015952419485188846,0.002057347304590284,-0.0010812991533056555,-0.006800149031275829,-3.4920721520687513e-06,1.21899630010176e-05,0.010670822627978633,-4.4907487564034565e-06,-4.794336718322301e-07,0.0367315669673509,0.005946249474912198,0.01586251547713688,-0.0015952419485188846,0.00030712872333049185,-0.00021246893332325112,0.00021875119886682095,-7.108842282694653e-06,1.2579118448985718e-05,5.1364164022865736e-05
20,15.595,0.0,4.340875961696288e-06,-2.847507513110153e-05,0.010665141498790118,-0.0014179582974694735,0.021175024802390866,0.05665274379240852,-0.003764354023513971,-0.004568353079330532,0.0012079702662654915,-0.0006662843464799265,7.135158361985611e-05,0.0035601921873462125,4.340875961696288e-06,-2.847507513110153e-05,0.010665141498790118,-6.479399854656537e-06,-6.265425486831622e-07,0.036739725019212764,-0.003764354023513971,-0.004568353079330532,0.0012079702662654915,-0.00026366414391733697,-1.809220610128931e-05,-0.00035002011671633304,-0.00010834077592471197,-6.147801125401475e-05,0.00017794491709431531
21,15.605,0.0,1.4224024517243173e-09,2.422303775197071e-05,0.010664796159573981,-0.00141431627421238,0.021175570215282727,0.05665150519007918,-0.003191938081398339,0.004242980419771177,-2.3865948710780843e-05,-0.0001077674186810142,-0.0003597990491117576,0.0020497584573264294,1.4224024517243173e-09,2.422303775197071e-05,0.010664796159573981,-4.555011713057444e-06,-4.946816384646113e-07,0.03673903896356267,-0.003191938081398339,0.004242980419771177,-2.3865948710780843e-05,6.370489106207804e-05,5.1528153401361856e-05,0.0014038040615535843,-3.2131478326818925e-06,-7.623983316262311e-07,0.0003735998105882293
22,15.615,0.0,2.279492533213243e-06,3.873875270298469e-09,0.010664950051629351,-0.0014170412132778999,0.02117485330542315,0.05665071261631478,-0.003934279003649276,0.0167964271407729,0.000416678157699242,-0.002662524965320905,0.0015750468394659673,0.005328577192587597,2.279492533213243e-06,3.873875270298469e-09,0.010664950051629351,-5.430146070416891e-06,-8.374660005680545e-07,0.03673770689282729,-0.003934279003649276,0.0167964271407729,0.000416678157699242,0.00017675392334285796,2.879188505975097e-06,-0.0003080231945259683,5.24626892120502e-05,-1.0546172594235237e-05,-0.00010090631927354659
23,15.625,0.0,-1.8978877020419043e-05,-8.173921122061804e-08,0.01066701315058679,-0.0014196408684014222,0.02117523737674556,0.05665310649988797,0.008577859653245383,0.022016847611939984,-0.001193536561042783,0.0014935356604031812,0.0022027257222336227,0.002396808911518598,-1.8978877020419043e-05,-8.173921122061804e-08,0.01066701315058679,-6.2121179757769485e-06,-1.226641494073144e-07,0.036735713170598275,0.008577859653245383,0.022016847611939984,-0.001193536561042783,-3.0343939962619367e-05,-0.00011564623500547166,7.94518034447128e-05,-8.285531313594752e-05,1.860087445285863e-05,-0.00016628964821964457
24,15.635,0.0,-1.553899437604726e-05,2.317854189557657e-07,0.010669837610285487,-0.0014097407168822652,0.021176094768568885,0.05665629035624062,0.010781601617183847,-0.012885296304415024,3.381548962366447e-05,-0.0007956942749555212,0.001982216322892159,0.0020106191435961813,-1.553899437604726e-05,2.317854189557657e-07,0.010669837610285487,-6.714526640205082e-06,1.378834470558421e-07,0.03674002582132704,0.010781601617183847,-0.012885296304415024,3.381548962366447e-05,-0.00040322624832964576,1.8532422906298205e-05,2.6964739759210362e-05,-6.421902848938804e-05,4.876747238117853e-05,0.00011594642498713736
25,15.645,0.0,1.672548162277053e-05,-6.24513051954825e-05,0.010669758094898585,-0.0014171546840386247,0.021177003927974107,0.05665186801881136,0.018393260797784083,-0.019928723279015258,0.00019541136444855374,4.1007576438280825e-05,0.00012190546329282612,0.0025411788474739754,1.672548162277053e-05,-6.24513051954825e-05,0.010669758094898585,-8.051044891942832e-06,-1.4677529914242093e-06,0.036734357138379074,0.018393260797784083,-0.019928723279015258,0.00019541136444855374,-0.00017340545284941382,-0.0001416909597891893,6.717941146589411e-05,-9.194634580826347e-05,-6.725444210082228e-05,-6.780161096000222e-05
26,15.655,0.0,5.433677722432432e-06,7.412486210132199e-08,0.010680764834047745,-0.0014177693691521398,0.021174917423053843,0.05665467482760847,0.006570082622663387,0.00285437316356616,-0.0003116945840195987,1.5054233253557166e-05,-0.0007353700916688246,0.006799193079355602,5.433677722432432e-06,7.412486210132199e-08,0.010680764834047745,-7.500339792704952e-06,4.661743486164549e-07,0.03673609747044679,0.006570082622663387,0.00285437316356616,-0.0003116945840195987,0.00017936190619106322,0.0001342036501063284,-0.0005749589299418492,-3.929065762487306e-05,1.6414545078044254e-05,-0.00019641754401236264
27,15.665,0.0,1.220704489370731e-07,-2.665622695654482e-07,0.0106825316000088,-0.0014177561276141459,0.02117842785640245,0.056650616217334956,-0.008887487880762485,-0.0009638069261651298,-3.9500975251898984e-05,1.2918025931512047e-05,0.0008322965620522442,-0.0012853460636866377,1.220704489370731e-07,-2.665622695654482e-07,0.0106825316000088,-7.964778245453386e-06,1.0421197757376488e-06,0.0367353095202518,-0.008887487880762485,-0.0009638069261651298,-3.9500975251898984e-05,-2.569955232726885e-05,0.0002867071318628892,0.00048571325839789735,4.313332324574722e-06,0.0001254936383580791,4.7619093636487066e-05
28,15.675,0.0,6.118359102517677e-06,-1.0954911778573933e-05,0.010681623582124277,-0.0014180814726863875,0.021177244371247624,0.05665243821013635,0.00880321391381618,-0.010843208486803483,0.000538189046805616,0.0005005692475959927,0.00015761556009840367,0.00350673487930428,6.118359102517677e-06,-1.0954911778573933e-05,0.010681623582124277,-8.442800642920884e-06,4.897500802195087e-07,0.03673481169971679,0.00880321391381618,-0.010843208486803483,0.000538189046805616,-0.000134662275069868,-0.0001752417668642959,-0.0006068725749422099,-4.71230425108021e-05,1.178786580151407e-06,-6.428853649967492e-05
29,15.685,0.0,-3.613303763284988e-06,1.802190015640424e-05,0.010681336277241377,-0.0014167345204085069,0.0211783234030663,0.056644968300317455,0.001885589091082925,0.012749758042375476,-0.0013258211331724091,0.001532485036161261,-0.0012415444533429387,-0.007494021732968275,-3.613303763284988e-06,1.802190015640424e-05,0.010681336277241377,-8.162397683229156e-06,1.0517141530164142e-06,0.03673652950871535,0.001885589091082925,0.012749758042375476,-0.0013258211331724091,0.000221796419618416,7.654167927685396e-05,0.0006905995100419656,-9.880971888802986e-06,4.797188639281771e-07,6.099942317751685e-05
30,15.695,0.0,1.0281900134751867e-05,-4.757060456693062e-05,0.01067834917093758,-0.0014210941099476553,0.02117753084016883,0.05665114442836268,-0.003523611368828112,-0.008966453632527236,0.0014991463031940543,-0.0009575793638126101,0.0012737055331380545,-3.1029917920867514e-05,1.0281900134751867e-05,-4.757060456693062e-05,0.01067834917093758,-1.0756600608813338e-05,-3.553961171950948e-07,0.036736331620084085,-0.003523611368828112,-0.008966453632527236,0.0014991463031940543,-0.0002771743290632161,-3.528923110548284e-05,-0.000774803274021766,-0.00011568999829460976,-4.2257309870710544e-05,7.599601836480998e-05
31,15.705,0.0,1.6082464767149557e-05,-1.2524166284567102e-05,0.010670747306479591,-0.0014212630885081813,0.021176295604150793,0.05664877676770158,0.00783721079035421,-0.012607282961918997,-0.001467924951829522,-0.002203903328234991,-0.0008891500393804629,-0.002597045527091297,1.6082464767149557e-05,-1.2524166284567102e-05,0.010670747306479591,-8.68905066492981e-06,-3.975859698898687e-07,0.03673568972256403,0.00783721079035421,-0.012607282961918997,-0.001467924951829522,-5.702625346044795e-05,-0.00012889764097892583,0.0008542572657224253,-2.6332649085011235e-05,-7.246500614527772e-05,-4.1989307565919396e-05
32,15.715,0.0,3.959568937875078e-07,1.85891790381174e-05,0.010672742125321995,-0.0014183094387710533,0.021177603998476884,0.05665000524918594,0.007201700948973809,-0.002743121964237391,-0.00012436572390619823,0.000648950253636717,0.0008356741183348973,-0.0006763947507129398,3.959568937875078e-07,1.85891790381174e-05,0.010672742125321995,-7.709305590263005e-06,-2.709802892630897e-07,0.03673475165347823,0.007201700948973809,-0.002743121964237391,-0.00012436572390619823,0.00021872950177244133,-1.287703270239538e-06,-2.477088588892083e-05,0.00015236475092749612,4.220791396585105e-06,-7.89983302926749e-05
33,15.725,0.0,1.7123929295174408e-06,4.7312161222261455e-06,0.010671703743830908,-0.0014190567260063615,0.0211771682891309,0.05665130777309581,0.0019792745513561353,0.016916203260375375,3.672669057475616e-05,-0.00030570162031853994,-0.00014093085289565424,0.0011692722496107282,1.7123929295174408e-06,4.7312161222261455e-06,0.010671703743830908,-8.447595245410222e-06,-2.2564593948198874e-07,0.0367367892702364,0.0019792745513561353,0.016916203260375375,3.672669057475616e-05,0.00022317262419271683,6.373804134356008e-05,-0.00039063509389129406,1.207277097596736e-05,8.59700152037069e-06,5.4977383618440466e-05
34,15.735,0.0,2.6348743394327794e-05,-2.5436650482462062e-05,0.010670014944203377,-0.0014189123097202772,0.021174561886850653,0.056716545975308286,0.0005892615294061463,-0.0064632417482786,-0.0006378894608940573,0.00026790755357289906,-0.00359008631142896,0.02078218868352762,2.6348743394327794e-05,-2.5436650482462062e-05,0.010670014944203377,-9.772743133205919e-06,-1.154454429524998e-06,0.03673630016480899,0.0005892615294061463,-0.0064632417482786,-0.0006378894608940573,-0.00032270443133002453,-3.1553106473784536e-05,0.0004639595416300514,-0.00010317187714711122,-4.417370701308065e-05,7.742556653794938e-05
35,15.745,0.0,-1.9875028760584594e-05,0.00013170471980160307,0.01066651676086236,-0.0014181590635156593,0.021213028446775486,0.057117192526528957,-0.004204627707981935,0.028247235831185716,-0.0006427425113291381,0.0005035488255563363,-0.002201948432889814,0.05418288656719201,-1.9875028760584594e-05,0.00013170471980160307,0.01066651676086236,-1.4129354767872943e-05,1.3219167974864998e-05,0.03709607885153246,-0.004204627707981935,0.028247235831185716,-0.0006427425113291381,-0.00021475748164594737,0.0003715832931929176,0.020442716955060263,-0.0002840879761232345,0.000672240695717763,0.017964479064812904
36,15.755,0.0,-7.923696068470556e-05,0.0004998758942594735,0.010678182919375943,-0.0014135393829329463,0.021261458675702612,0.057821628910178655,-0.004361810142228639,0.04405814071331778,-0.0009687281211766908,0.0009120510739086714,-0.002552587179977882,0.08263115291564896,-7.923696068470556e-05,0.0004998758942594735,0.010678182919375943,-4.637816883476184e-05,8.193315980166427e-05,0.03792167403092758,-0.004361810142228639,0.04405814071331778,-0.0009687281211766908,-0.001031811056516959,0.0030833920650438756,0.04843139399222125,-0.001830271285076766,0.004154380711558817,0.05926869330592571
37,15.765,0.0,-0.00013817214441652975,0.0009782516349739986,0.010689827889953051,-0.0014063572343397557,0.021297950636165557,0.058788072825909685,-0.00428026325784491,0.05230219054406079,-0.0013473035921784645,0.0010255681993758656,-0.004157849452870221,0.10717382063938764,-0.00013817214441652975,0.0009782516349739986,0.010689827889953051,-2.813109056066382e-05,8.435171869457941e-05,0.0379228034040798,-0.00428026325784491,0.05230219054406079,-0.0013473035921784645,-0.0007127127036940081,0.0034958057788866317,0.044685482874572996,-0.000700086789637888,0.0035566275359847437,0.041336227627353395
38,15.775,0.0,-0.0001953468000130215,0.0015074235094347606,0.010699585885484874,-0.0013996495175811548,0.02131228319579992,0.059985738808830555,-0.004138565248931696,0.054876450589278016,-0.0011461158199261795,0.000772942354730259,-0.006509581924856577,0.12895892151687036,-0.0001953468000130215,0.0015074235094347606,0.010699585885484874,-6.51636335688606e-05,0.0001692499959246585,0.039340855208292315,-0.004138565248931696,0.054876450589278016,-0.0011461158199261795,-0.0019565203960624114,0.005123813041229664,0.0843550863291257,-0.0012175294396951585,0.004238108559764384,0.06907712253321548
39,15.786,0.0,-0.0002502091825612684,0.002038699111039147,0.010712253686391143,-0.0013964670245293004,0.021295005365794217,0.06153555020578162,-0.003982903835877272,0.053189096006178695,-0.0006838115108958847,0.00010922975718101772,-0.00968682487341274,0.14996818695840322,-0.0002502091825612684,0.002038699111039147,0.010712253686391143,-9.162242664243966e-05,0.0002228676826084991,0.04071516212559184,-0.003982903835877272,0.053189096006178695,-0.0006838115108958847,-0.003398665816868803,0.006438434828672796,0.13723460151089992,-0.003452823007079076,0.006798064949309693,0.1377359997405578
40,15.795,0.0,-0.0003013823217443505,0.0025350031916342294,0.010729668019271808,-0.0013999171842398353,0.021252507635964177,0.06296491004111798,-0.0036597287362709996,0.048135963573418074,-5.817973607593163e-05,-0.0005612891290930153,-0.012540319228059205,0.16565287986462957,-0.0003013823217443505,0.0025350031916342294,0.010729668019271808,-0.0001422509340998114,0.000268950410060545,0.0429774321704481,-0.0036597287362709996,0.048135963573418074,-5.817973607593163e-05,-0.0027401867577738093,0.003971488988260515,0.14537322651676246,-0.0038543650265462515,0.004985020706792658,0.18182884810772862
41,15.805,0.0,-0.000347609909881646,0.002971050855128913,0.010752519409256301,-0.0014124087424778925,0.02117456119823891,0.06470502437044072,-0.003251778981067314,0.041341058648586074,0.0006144522137541074,-0.0014885596665842882,-0.015738343670582404,0.18061410757526858,-0.000347609909881646,0.002971050855128913,0.010752519409256301,-0.00012327986474805833,0.0002711163257056032,0.04297841012435575,-0.003251778981067314,0.041341058648586074,0.0006144522137541074,-0.002055960163684173,0.0021856383927721843,0.11721552287054106,-0.0018990563944759956,0.002376333560770128,0.1131461007063635
42,15.815,0.0,-0.00038899138806554003,0.0033331681513754908,0.010780101851460205,-0.0014335737219511775,0.02106366108108655,0.06658320725987672,-0.0028764368690341303,0.03345926794153006,0.0011985354046126588,-0.002406981194747181,-0.01887411090137419,0.19349234614073343,-0.00038899138806554003,0.0033331681513754908,0.010780101851460205,-0.00017896282391473284,0.0002797078038007453,0.04543857425207112,-0.0028764368690341303,0.03345926794153006,0.0011985354046126588,-0.00346005277937609,0.0009192484092204095,0.1633202573789294,-0.0021517789799415255,0.0005017710929255038,0.12304080484933219
43,15.825,0.0,-0.0004280965036127758,0.003617936303651063,0.010812991196781637,-0.0014642862219609249,0.02092032978636496,0.0685815681171812,-0.0028682111071898697,0.025743083824423366,0.0020960493718588076,-0.0035365547118601853,-0.021819844871039686,0.20505729717586857,-0.0004280965036127758,0.003617936303651063,0.010812991196781637,-0.0002350431431447121,0.0002526497989072396,0.047953155815360374,-0.0028682111071898697,0.025743083824423366,0.0020960493718588076,-0.005266415946523861,-0.0010673521947295842,0.2352184573550202,-0.005588163919831298,-0.0009233263399179317,0.24873728455016447
44,15.835,0.0,-0.00046617100044700396,0.003824558072910339,0.010853838172904775,-0.001505912237150655,0.020745908863122154,0.07068363257660794,-0.0030246597045512484,0.017842129886648656,0.002974980725893257,-0.0045161006784205215,-0.024971665051326322,0.21490881400286208,-0.00046617100044700396,0.003824558072910339,0.010853838172904775,-0.00022470318104928985,0.0002545395689226293,0.0479538180106999,-0.0030246597045512484,0.017842129886648656,0.002974980725893257,-0.002408928427291669,-0.0015584910179957997,0.12749714274411467,-0.0022870178567266273,-0.0012584117439052944,0.1257621879313969
45,15.845,0.0,-0.0005054190178829436,0.0039545958322674095,0.01090041686130301,-0.0015580719556065646,0.020543466872244343,0.07287456581099738,-0.003282265570430839,0.010433458501559929,0.003574782770489872,-0.005355645532442344,-0.02771740451447071,0.223002315407918,-0.0005054190178829436,0.0039545958322674095,0.01090041686130301,-0.00029212646116305585,0.00019374863472442633,0.05068384367442966,-0.003282265570430839,0.010433458501559929,0.003574782770489872,-0.0033465127433635828,-0.0034279103506962734,0.1518390718762927,-0.002854165900918768,-0.0029450582091422946,0.1365343929535398
46,15.855,0.0,-0.0005447609539438598,0.004015817680267771,0.010946193774724574,-0.0016182112733583705,0.020314905378843316,0.07513953868820424,-0.0034578285631588265,0.004361611815712229,0.0033490729966874433,-0.006398174887632505,-0.030115604356550477,0.22964902627254585,-0.0005447609539438598,0.004015817680267771,0.010946193774724574,-0.00036685915241657305,9.540381235166595e-05,0.053522269759461075,-0.0034578285631588265,0.004361611815712229,0.0033490729966874433,-0.007123698349576364,-0.00813856485138641,0.2773686378940014,-0.007107798568364611,-0.007956787828548114,0.2784225874380869
47,15.865,0.0,-0.0005915980829923468,0.004023785185268256,0.010989894587331224,-0.0016861349157279448,0.020057730311340293,0.07746288353198626,-0.00440703710045996,-0.0009517225754151407,0.003017203462432324,-0.007153533259957028,-0.03263911797862041,0.23505985499796683,-0.0005915980829923468,0.004023785185268256,0.010989894587331224,-0.0004475726881752948,-3.330762891746303e-05,0.05652088190774841,-0.00440703710045996,-0.0009517225754151407,0.003017203462432324,-0.007697360145130135,-0.011350772814218478,0.28709095787202277,-0.00777231135060918,-0.01135281318209058,0.2918519116658403
48,15.875,0.0,-0.000648582358786925,0.00398443758805389,0.011030071619565877,-0.0017597877187614504,0.01977433230799603,0.07983123440678884,-0.00570234708507803,-0.005218895420809302,0.0030329754406497925,-0.007558154659614553,-0.03512762000293184,0.23935437783335595,-0.000648582358786925,0.00398443758805389,0.011030071619565877,-0.0005403168363252026,-0.0002153578157482669,0.05987872704353183,-0.00570234708507803,-0.005218895420809302,0.0030329754406497925,-0.007170335287739692,-0.012586084313379806,0.2606079586739402,-0.008672884195428577,-0.015538081404991445,0.3178228642034316
49,15.885,0.0,-0.0007189378473910357,0.0039121104825892575,0.011070157648422577,-0.001838337227243031,0.019463434550931368,0.08223297261167199,-0.007195032079891978,-0.007865053660769556,0.0031455558629309138,-0.007907076595533668,-0.038173437519473614,0.24244859797743876,-0.0007189378473910357,0.0039121104825892575,0.011070157648422577,-0.0005442299607921822,-0.00021124834312646196,0.05987942666629792,-0.007195032079891978,-0.007865053660769556,0.0031455558629309138,-0.0050452674645899516,-0.009429927576870858,0.17412669409789083,-0.0048328636308427545,-0.008897035710446973,0.16792723792741918
50,15.895,0.0,-0.0008051885751016989,0.0038205823608768808,0.011110586695352951,-0.001919674616713182,0.019125679096010623,0.0846577406127368,-0.008849861731495257,-0.009211785496562581,0.0033371362132176507,-0.00828463954073609,-0.04048341625771383,0.24375228648808606,-0.0008051885751016989,0.0038205823608768808,0.011110586695352951,-0.0006434320032990756,-0.0004383720564105145,0.06331636653356829,-0.008849861731495257,-0.009211785496562581,0.0033371362132176507,-0.006573791616260725,-0.014198599620103712,0.22418196851859673,-0.005155758348691931,-0.011150712033108653,0.17188197450176532
51,15.905,0.0,-0.000908629101858267,0.003721462992386001,0.011151822476964047,-0.002002443853596447,0.01876089585139176,0.08709215047933845,-0.010724846689449296,-0.009595568717823135,0.0035239919858892806,-0.008342220334671543,-0.042977516672238925,0.2441447664269192,-0.000908629101858267,0.003721462992386001,0.011151822476964047,-0.0007462845784889025,-0.0007145189257124138,0.0668013880069131,-0.010724846689449296,-0.009595568717823135,0.0035239919858892806,-0.009896856316301939,-0.024785518393623546,0.3383855442176313,-0.010102730884836895,-0.02516352912930047,0.34609806703078694
52,15.915,0.0,-0.0010308331948287752,0.003623917368284965,0.011193510465778819,-0.0020830758081770697,0.01837509602383508,0.08952290300894676,-0.01271948754272805,-0.00902483014343983,0.003685275308625238,-0.007790715978145091,-0.04440021335408077,0.2437024029966058,-0.0010308331948287752,0.003623917368284965,0.011193510465778819,-0.0007523862473804675,-0.0007064951633879574,0.0668026847674573,-0.01271948754272805,-0.00902483014343983,0.003685275308625238,-0.0056303973746477925,-0.014119238519155638,0.18135133704239056,-0.005447712204072303,-0.013406155348878597,0.1743159116945358
53,15.925,0.0,-0.0011730426160829063,0.003539157257667079,0.011235680274056926,-0.0021627497843149115,0.01797189931334983,0.09194402181661494,-0.014699303506575993,-0.007311521009767275,0.0038084548340844397,-0.007732871023711069,-0.04631843280653631,0.2421581658375736,-0.0011730426160829063,0.003539157257667079,0.011235680274056926,-0.0008483810416496443,-0.0010022883449067183,0.07004920473761225,-0.014699303506575993,-0.007311521009767275,0.0038084548340844397,-0.005292435439568393,-0.015169076294832697,0.16961562631804653,-0.005104823158035902,-0.014388470959709621,0.16239083653490358
54,15.935,0.0,-0.0013364241196819977,0.0034723616535542027,0.011275489100691436,-0.0022412440104695357,0.01754756677153247,0.09434544806960564,-0.01687093836874045,-0.005527324586448826,0.003483473325371303,-0.00773627422268868,-0.04802523288348388,0.23971456126237245,-0.0013364241196819977,0.0034723616535542027,0.011275489100691436,-0.0009439915882997127,-0.001331923753838636,0.07324508554676099,-0.01687093836874045,-0.005527324586448826,0.003483473325371303,-0.009511806241259954,-0.03122501310470381,0.3197901120099418,-0.0095802670459593,-0.03127142952252305,0.322120038965077
55,15.945,0.0,-0.0015196765264375632,0.00342343992984495,0.011313296289475264,-0.0023171250033199708,0.017110539746105397,0.096719309662201,-0.018898596713021815,-0.003848359849151571,0.0033690199620388405,-0.007620521834380995,-0.04950987454117814,0.2370933024777403,-0.0015196765264375632,0.00342343992984495,0.011313296289475264,-0.0010543313751684297,-0.0017558008380434906,0.07692849351492109,-0.018898596713021815,-0.003848359849151571,0.0033690199620388405,-0.008366003171939106,-0.03002514182230724,0.27837327452018207,-0.010297516675935828,-0.03767562465682602,0.343964438865327
56,15.955,0.0,-0.001720461761953844,0.0033895745414275463,0.011346946753022237,-0.002392904715088858,0.01665866619330235,0.09905522462269921,-0.02075692149353852,-0.0026016436573021605,0.003121932741097297,-0.007282380264914037,-0.050684327523222376,0.2327231588364867,-0.001720461761953844,0.0033895745414275463,0.011346946753022237,-0.0010566640458123527,-0.0017404496537927402,0.07693103685664274,-0.02075692149353852,-0.0026016436573021605,0.003121932741097297,-0.005710161850182995,-0.02085197406180951,0.1858164080802438,-0.005633622875630119,-0.02042629499769838,0.18429756549402598
57,15.965,0.0,-0.001942404932939034,0.003371757395515643,0.011381216543394216,-0.0024644143810290025,0.016195067257291747,0.10134866258975543,-0.022602060361018292,-0.0010768101303735757,0.0031287129330212654,-0.007057186380348432,-0.05154884898338269,0.22802173544252946,-0.001942404932939034,0.003371757395515643,0.011381216543394216,-0.0011652461721079858,-0.0022032128900504808,0.08045861942929419,-0.022602060361018292,-0.0010768101303735757,0.0031287129330212654,-0.007335842237593737,-0.02993238996478257,0.23941320920171474,-0.005545739846980724,-0.022370602600363373,0.17650629571875254
58,15.975,0.0,-0.0021812279682387943,0.0033672722336309424,0.011416232261045907,-0.0025318072956731904,0.015730035060886646,0.10359342238629889,-0.02446153216053935,0.0005378434065302889,0.0034711399806787837,-0.006659272060791013,-0.05138971291681084,0.22327537226113667,-0.0021812279682387943,0.0033672722336309424,0.011416232261045907,-0.001284581929351488,-0.002764675123469333,0.08440745062952157,-0.02446153216053935,0.0005378434065302889,0.0034711399806787837,-0.009198387335204495,-0.04074673263204505,0.30230189061945023,-0.011395894176963023,-0.051211273483859655,0.37382068864414836
59,15.985,0.0,-0.0024375736684832863,0.0033800461704258477,0.011453715684740741,-0.002596836503541436,0.01526197639643573,0.10578114916523006,-0.026325914784047277,0.0021247099202202154,0.003640143021786516,-0.006148230385157737,-0.05075051604403458,0.21701146510306604,-0.0024375736684832863,0.0033800461704258477,0.011453715684740741,-0.001283212886444677,-0.002743107267345786,0.0844110715288067,-0.026325914784047277,0.0021247099202202154,0.003640143021786516,-0.005964564683786266,-0.027369488378296166,0.1991427409609149,-0.005898335716837879,-0.02699471886478202,0.19762260497573436
60,15.995,0.0,-0.0027120670545597836,0.0034082851523305627,0.01149265396172634,-0.0026587106141189175,0.014798021941971067,0.10790806733558754,-0.028003755897974703,0.0036724222298845158,0.003842754818708363,-0.006100812789027489,-0.05066241590691409,0.21069384998096974,-0.0027120670545597836,0.0034082851523305627,0.01149265396172634,-0.0013701351677596965,-0.0031794646594727263,0.08732872053948651,-0.028003755897974703,0.0036724222298845158,0.003842754818708363,-0.006310341394566091,-0.030787444656652813,0.21441557957421717,-0.004277661920408871,-0.020739476800161666,0.1460634954981984
61,16.005,0.0,-0.0030027775311841304,0.003448125386575543,0.011529775289413163,-0.002719801854853602,0.014337938033282586,0.10997091083463016,-0.02968575037166236,0.004551894568792461,0.003408564122826836,-0.006311170270004839,-0.050832730450135186,0.20430655641125448,-0.0030027775311841304,0.003448125386575543,0.011529775289413163,-0.0014616979454602705,-0.0036565978447689676,0.09034212252631399,-0.02968575037166236,0.004551894568792461,0.003408564122826836,-0.007234706337673941,-0.03673504818635856,0.24282883796900584,-0.008924252950780805,-0.04567452887116507,0.2965525498753993
62,16.015,0.0,-0.0033101744144887965,0.0034920234291331135,0.011563254275001612,-0.0027836925683957193,0.013869579280953259,0.11196475437835858,-0.031307366459481185,0.004266275014432124,0.0029871038695883233,-0.006348504711853472,-0.05095677490743461,0.1973332710854719,-0.0033101744144887965,0.0034920234291331135,0.011563254275001612,-0.0014575372948657343,-0.003628861400238076,0.09034681012927004,-0.031307366459481185,0.004266275014432124,0.0029871038695883233,-0.004471492653748502,-0.022873735805697504,0.15193701417868766,-0.004370106355304478,-0.02246983703828105,0.15090447948925986
63,16.025,0.0,-0.0036322685151953106,0.003529481751135248,0.011593218792512381,-0.0028478925699774015,0.01340106878043054,0.11388971462960028,-0.03254924381621945,0.0034689101377683557,0.0027181776845286517,-0.006262497315192187,-0.0505046688370887,0.19024372566397008,-0.0036322685151953106,0.003529481751135248,0.011593218792512381,-0.0015518280154858642,-0.004120944719012039,0.09324064049413078,-0.03254924381621945,0.0034689101377683557,0.0027181776845286517,-0.006000089887552898,-0.030558083503801674,0.19710569768193828,-0.004325299970938619,-0.021717558246991616,0.14517854696448174
64,16.035,0.0,-0.003965903878244248,0.00356050715964174,0.011620948495054685,-0.0029093330899451248,0.012945342506363613,0.11574330513541707,-0.03366167928857427,0.003226060449342954,0.0026225161593213266,-0.006106831155826022,-0.049543056568803465,0.18290270202500097,-0.003965903878244248,0.00356050715964174,0.011620948495054685,-0.0016444961688676964,-0.004622232774448183,0.09599738969407454,-0.03366167928857427,0.003226060449342954,0.0026225161593213266,-0.009059315771990512,-0.04764926706647689,0.2802339523642087,-0.009166740169759715,-0.04816878324535807,0.2827816268139434
65,16.045,0.0,-0.004310491351228129,0.0035924411496836535,0.011647584070373349,-0.002968583978202944,0.012502069811112917,0.11752313936512059,-0.03482975720101924,0.0035372658423370356,0.0026063578913506076,-0.0059719482523547165,-0.04849755369398477,0.17585932980108165,-0.004310491351228129,0.0035924411496836535,0.011647584070373349,-0.001641372772138286,-0.004589187891056681,0.09600293923003747,-0.03482975720101924,0.0035372658423370356,0.0026063578913506076,-0.00446743674246032,-0.023351596271301005,0.1380221681000476,-0.004477237832623564,-0.023412158602245096,0.13811493679541115
66,16.055,0.0,-0.004665763781052469,0.0036273313644628203,0.011673134874478085,-0.0030302006835525295,0.012056636529356134,0.11923023306700102,-0.035711830255531506,0.003534831669141015,0.0024741663265471507,-0.006123788069552857,-0.04883783247550976,0.16843754160685157,-0.004665763781052469,0.0036273313644628203,0.011673134874478085,-0.0017294911568043747,-0.005079252396912204,0.09861528747155607,-0.035711830255531506,0.003534831669141015,0.0024741663265471507,-0.004328592677469504,-0.023169430073258567,0.13162982080460395,-0.004249749396836272,-0.022850981123213696,0.13089488887414907
67,16.065,0.0,-0.005028841729283858,0.0036599651365001444,0.011695867946327952,-0.0030921126866728823,0.01160637288329713,0.12086482421415677,-0.03632520356811251,0.0032125088755568755,0.00203551239921141,-0.006081393396045652,-0.04883266513058534,0.1611549307113023,-0.005028841729283858,0.0036599651365001444,0.011695867946327952,-0.001825510126242328,-0.0056152288011566895,0.10122877521641299,-0.03632520356811251,0.0032125088755568755,0.00203551239921141,-0.0091450937662864,-0.05094990723375571,0.2588176635370158,-0.009206867705198386,-0.05130204550497795,0.26129179931868923
68,16.075,0.0,-0.005395187591322635,0.003690713068033673,0.011714858498427284,-0.003149186846121041,0.011174054776442247,0.12242899653467527,-0.03657307275068569,0.003252214530991047,0.0017598856968960852,-0.005586468528323903,-0.0466996464725006,0.15438870182289538,-0.005395187591322635,0.003690713068033673,0.011714858498427284,-0.0019061409570711903,-0.0060802697643988005,0.10338144355821362,-0.03657307275068569,0.003252214530991047,0.0017598856968960852,-0.008316138202856973,-0.04707241912134987,0.22550055738321848,-0.008832490013337121,-0.050050868374309984,0.23830780433277732
69,16.085,0.0,-0.005762281673900236,0.0037257382324006974,0.011730968130691008,-0.003203525995742727,0.01075833496685443,0.12392315726079746,-0.03664875890022832,0.00398172806670573,0.0014941178205963032,-0.005231720234077438,-0.044805065736847914,0.14747398047264126,-0.005762281673900236,0.0037257382324006974,0.011730968130691008,-0.0019026620105837035,-0.0060423259743117436,0.1033879011145884,-0.03664875890022832,0.00398172806670573,0.0014941178205963032,-0.0038946200422908823,-0.021571049313200207,0.10895776449922645,-0.0038575942170711772,-0.021354858657767827,0.10795629490882958
70,16.095,0.0,-0.006128320966148588,0.0037693369323935056,0.011743305098474488,-0.0032569525649983424,0.01035194412164922,0.12534861254481772,-0.03639394815623173,0.004770946661405925,0.0010376731959862203,-0.005118477124527836,-0.04405915301967398,0.140619379161161,-0.006128320966148588,0.0037693369323935056,0.011743305098474488,-0.0019770822488173537,-0.006485752859987655,0.10540835153766608,-0.03639394815623173,0.004770946661405925,0.0010376731959862203,-0.0040090500453166655,-0.023015263493018336,0.1128570684495677,-0.003547064587310525,-0.02027415477945738,0.10134539897267844
71,16.105,0.0,-0.006490811165080505,0.003818606989602251,0.011749684078261949,-0.0033074881659178423,0.009959088254921377,0.1267087277306646,-0.0360444689615907,0.005407858352001738,0.0007292194128572764,-0.00505361541494485,-0.04329086520523079,0.13412278110706305,-0.006490811165080505,0.003818606989602251,0.011749684078261949,-0.002055704109238478,-0.00695402484952759,0.10743435226464415,-0.0360444689615907,0.005407858352001738,0.0007292194128572764,-0.01139007346531574,-0.06828825663358344,0.2926892978237528,-0.01154016188113374,-0.06917373255222556,0.2961927690248889
72,16.115,0.0,-0.006850522213732129,0.0038740081575788787,0.011754325677355591,-0.0033504331585100995,0.0095851393654416,0.1280065674764903,-0.0357267691553318,0.0059058573585607475,0.0005671938722456043,-0.0038704563115287338,-0.03968803297376201,0.12821937894529847,-0.006850522213732129,0.0038740081575788787,0.011754325677355591,-0.002118393024245605,-0.007337454128353016,0.10908338269795298,-0.0357267691553318,0.0059058573585607475,0.0005671938722456043,-0.010516642653195626,-0.06366315220747348,0.26784663683798204,-0.010953595719806882,-0.06617385220969618,0.27762176953643675
73,16.125,0.0,-0.007207231102983248,0.003944383245469611,0.01176037712117342,-0.0033842199390579394,0.009249150767257706,0.12924418845077862,-0.035283968480565385,0.007929225349797953,0.0004919566763970618,-0.003322813208320944,-0.036771638742301625,0.12234524945503146,-0.007207231102983248,0.003944383245469611,0.01176037712117342,-0.0021110355500591933,-0.007298476514161441,0.10909022734121658,-0.035283968480565385,0.007929225349797953,0.0004919566763970618,-0.002799418316854984,-0.017578031216553637,0.0850635363136795,-0.002766572041037306,-0.017222583231702067,0.08279375382866735
74,16.135,0.0,-0.00755877102244619,0.004033735719257541,0.011766457275043852,-0.003420492213979762,0.00891962955333989,0.1304245569441504,-0.034907995017010786,0.00953357867371447,0.0007444841225795075,-0.003684229546874584,-0.03603689139725071,0.11657137698207275,-0.00755877102244619,0.004033735719257541,0.011766457275043852,-0.002169683266625415,-0.00770721488991747,0.11085635286817144,-0.034907995017010786,0.00953357867371447,0.0007444841225795075,-0.0029606416414510077,-0.02072287992929493,0.09723848763769836,-0.0025645121189919024,-0.018488038078232946,0.08864850851097225
75,16.145,0.0,-0.007906699364465891,0.004129085843885855,0.011774805225328828,-0.0034592794888088627,0.008604417177681175,0.1315502422010929,-0.03442645178494279,0.009343285739702,0.0009329627593839991,-0.0041349265827838756,-0.035389441939120636,0.11110980004165338,-0.007906699364465891,0.004129085843885855,0.011774805225328828,-0.002236997207347411,-0.008123602814095576,0.11266516624538214,-0.03442645178494279,0.009343285739702,0.0009329627593839991,-0.006168382578036731,-0.04019377484540687,0.1746986189761738,-0.006298082864414375,-0.041256314996729625,0.1787469452083771
76,16.155,0.0,-0.008248623269820681,0.004215796207674062,0.011783992194982105,-0.0035001529679068674,0.008304975843869052,0.13262444276605168,-0.03383180182717451,0.008127307145114266,0.0009657939023868489,-0.004185598263152783,-0.03305690190179975,0.10647875988336444,-0.008248623269820681,0.004215796207674062,0.011783992194982105,-0.002291835692364748,-0.008434791355308877,0.1140225831557602,-0.03383180182717451,0.008127307145114266,0.0009657939023868489,-0.0057787085947649365,-0.03432695057997817,0.1503413524803098,-0.006107621286970035,-0.03637882326959048,0.15831151437952523
77,16.165,0.0,-0.008582422304641301,0.00428901551187665,0.011793222996652334,-0.003542640462325457,0.008022650513872628,0.13365297764888262,-0.03302872945291817,0.006920288061777522,0.0009683957548431712,-0.0042436108818915816,-0.03100910979635833,0.10208213503476947,-0.008582422304641301,0.00428901551187665,0.011793222996652334,-0.002283726251467482,-0.008396667315517442,0.11402939079964974,-0.03302872945291817,0.006920288061777522,0.0009683957548431712,-0.002510346324456818,-0.014398251577830893,0.0712602017917241,-0.0023364522060055648,-0.01365322507110424,0.06821122771341724
78,16.175,0.0,-0.008906608240028998,0.004349945017621005,0.011802757379893834,-0.0035873554743368987,0.007752425457086078,0.13463951942229863,-0.03186071511698891,0.005609350243835645,0.000991374015099954,-0.004511378012415473,-0.030245714653607154,0.09796287256029478,-0.008906608240028998,0.004349945017621005,0.011802757379893834,-0.0023451732562566677,-0.008713574883728294,0.11542056567058319,-0.03186071511698891,0.005609350243835645,0.000991374015099954,-0.00303653976705017,-0.01572218853903182,0.0769893531316188,-0.0026668781945921247,-0.013939176420950486,0.06989912574106494
79,16.185,0.0,-0.00922063165272023,0.004400251120918295,0.011812611792656406,-0.0036342990512818166,0.0074905776178735,0.13558946833274838,-0.030816201055427823,0.004658636651837814,0.0010093897636841455,-0.0049477052329912835,-0.030285776408175664,0.09458562553516861,-0.00922063165272023,0.004400251120918295,0.011812611792656406,-0.0024178336967043065,-0.009062171071746158,0.11693334617027479,-0.030816201055427823,0.004658636651837814,0.0010093897636841455,-0.006259011505734951,-0.030916116684864593,0.13608698177550563,-0.006705372261839373,-0.033275187811426,0.14519776853120908
80,16.195,0.0,-0.009523045365221996,0.004440851875221999,0.011822788037687854,-0.0036837172156289266,0.007232348866152135,0.1365072481274749,-0.02967690912771881,0.0036892598702380295,0.0010616901649635091,-0.0050018274280414585,-0.02931294887545774,0.09167894655894088,-0.009523045365221996,0.004440851875221999,0.011822788037687854,-0.002413270182555466,-0.009026791897197739,0.11693962279341263,-0.02967690912771881,0.0036892598702380295,0.0010616901649635091,-0.0034443985343968727,-0.01570725047630831,0.07589247638392853,-0.0034048463149422945,-0.015660850673484165,0.07595285614151376
81,16.205,0.0,-0.009812472274476984,0.004472993723204846,0.011833132266568418,-0.0037347765099108145,0.006979114652385943,0.13739792771638426,-0.02824504131553099,0.0029096203082916677,0.001074866821078141,-0.004984320176445953,-0.028271293346927188,0.08904575102102448,-0.009812472274476984,0.004472993723204846,0.011833132266568418,-0.0024950085865701917,-0.009391796880620529,0.11846605565153034,-0.02824504131553099,0.0029096203082916677,0.001074866821078141,-0.004306905152682979,-0.01859982216669686,0.0848609699670426,-0.003858744493296394,-0.016481290443727648,0.07663547406282027
82,16.215,0.0,-0.010088219222529213,0.004500374328785984,0.011843731957044412,-0.0037839561774892973,0.0067434381715134,0.13826582557734884,-0.02686802716745488,0.002807480379780574,0.0011060570097845904,-0.004949444014354543,-0.027014359162036546,0.08695979680897221,-0.010088219222529213,0.004500374328785984,0.011843731957044412,-0.00257653474704983,-0.009738048621829552,0.11992016868329548,-0.02686802716745488,0.002807480379780574,0.0011060570097845904,-0.007931183163463904,-0.03445854432240175,0.14534504353009872,-0.008163228224721812,-0.03556283623160636,0.1490272944942092
83,16.225,0.0,-0.010349411818776594,0.004529700880496843,0.011854631915065219,-0.003831119377795394,0.006524695785962848,0.139114077316161,-0.02550194397923057,0.003256537757017302,0.001169259267750906,-0.004703152879246035,-0.025166376514199017,0.08526805954935472,-0.010349411818776594,0.004529700880496843,0.011854631915065219,-0.00257313547478644,-0.009706727550722452,0.11992575122928836,-0.02550194397923057,0.003256537757017302,0.001169259267750906,-0.003906844973510699,-0.01566725727812132,0.07310860306564544,-0.003906344410813661,-0.01574653350510088,0.07298477888792557
84,16.235,0.0,-0.010596918257386902,0.00456613837124157,0.011865854504735844,-0.0038787145778617933,0.006313640976640659,0.13994695769644888,-0.024156441142199718,0.00399337892829771,0.001206305193733315,-0.004643379774882256,-0.024158389344333113,0.08388347590652649,-0.010596918257386902,0.00456613837124157,0.011865854504735844,-0.002635693180953979,-0.00995598867142556,0.12106614216834703,-0.024156441142199718,0.00399337892829771,0.001206305193733315,-0.0031597535639697927,-0.011669225689730956,0.06036936775686493,-0.0029579216952094647,-0.01089700247980908,0.057298674252608706
85,16.245,0.0,-0.010831756593575303,0.004609085606061224,0.011877594613905525,-0.003927108579456274,0.006107640978281505,0.1407687277748354,-0.02285476851766534,0.0045421248978307375,0.0012560235536987082,-0.004943481682089286,-0.02443981895248235,0.08292728523160339,-0.010831756593575303,0.004609085606061224,0.011877594613905525,-0.00269889455731483,-0.010188756649156014,0.12217826099523502,-0.02285476851766534,0.0045421248978307375,0.0012560235536987082,-0.0061581185616185,-0.023508203406008663,0.11039928384210428,-0.006287954126423365,-0.0241014549216941,0.11262548829739455
86,16.255,0.0,-0.011053599658319799,0.004654263291069017,0.011889851386949124,-0.003975849132747925,0.005907015482303267,0.14158355810800116,-0.021557913603581506,0.004555526176496888,0.0013144397638245751,-0.004951083904823249,-0.023736795892854722,0.08255759944662516,-0.011053599658319799,0.004654263291069017,0.011889851386949124,-0.0027751520186111885,-0.010452238658508271,0.12343896643367838,-0.021557913603581506,0.004555526176496888,0.0013144397638245751,-0.005595486778047403,-0.01984444940909859,0.09730005183020492,-0.0069729418828648245,-0.024812499354151724,0.11864121326663275
87,16.265,0.0,-0.011261655017466775,0.00470007720952109,0.011902539827920238,-0.004020865662392761,0.005728673788675013,0.14231344583277616,-0.020212696114517162,0.004684426624934832,0.0013731909605643848,-0.004842913640829646,-0.022821815573449325,0.082284777287677,-0.011261655017466775,0.00470007720952109,0.011902539827920238,-0.002769505839607493,-0.010426540005330928,0.12344365331115345,-0.020212696114517162,0.004684426624934832,0.0013731909605643848,-0.0036777675086940545,-0.012356244685913257,0.06527671334766647,-0.0035305641146355995,-0.01188916780875471,0.06326961579595632
88,16.275,0.0,-0.011456200785863454,0.004747568206770689,0.011916007739569448,-0.00407521729010381,0.005520031320612515,0.1432062841916873,-0.018784024989475685,0.0048759882667014295,0.0014457842260611317,-0.004915415144702655,-0.022381595659655577,0.08240790889212812,-0.011456200785863454,0.004747568206770689,0.011916007739569448,-0.002847083151505496,-0.01067898568358664,0.12469382251825648,-0.018784024989475685,0.0048759882667014295,0.0014457842260611317,-0.004923762383889887,-0.015999952468430726,0.08333930848998784,-0.0035965566447173996,-0.01133735125392533,0.06274280422893165
89,16.285,0.0,-0.011637502841848916,0.0047983205755486175,0.011930210841773353,-0.004123316172790543,0.005341091870988123,0.1440224364245155,-0.01754300515531007,0.005322189492174393,0.0015346440402394018,-0.004931486296000191,-0.02161155509641845,0.08316030965530197,-0.011637502841848916,0.0047983205755486175,0.011930210841773353,-0.0029245985557287135,-0.010912832303114739,0.12594525801116577,-0.01754300515531007,0.005322189492174393,0.0015346440402394018,-0.006301134085443181,-0.019805775979605058,0.10384143332566413,-0.007754635806065351,-0.02431461488920459,0.12508023500067733
90,16.295,0.0,-0.011805689307593995,0.0048540819020018704,0.011945121527731872,-0.004172850652663421,0.005164605254364187,0.14484522309451642,-0.016323754581426323,0.005796814656708398,0.001592216116806225,-0.004872278509937524,-0.02093638460078264,0.08393652498755647,-0.011805689307593995,0.0048540819020018704,0.011945121527731872,-0.002917480125833389,-0.010891626505748014,0.12594920512507507,-0.016323754581426323,0.005796814656708398,0.001592216116806225,-0.003612019205664744,-0.010828718725300472,0.06365894914665769,-0.0035198487163966004,-0.010632041108074577,0.06276913034096451
91,16.305,0.0,-0.01196237603572784,0.00491365496941446,0.011960575817699175,-0.00422306311797032,0.004992102425596442,0.14567971488920584,-0.015104942912506764,0.006076083966364768,0.0016535329621713557,-0.004981929531742948,-0.020684654650039474,0.08521511284369697,-0.01196237603572784,0.00491365496941446,0.011960575817699175,-0.0030024428152110594,-0.011127908606163382,0.12729927735424904,-0.015104942912506764,0.006076083966364768,0.0016535329621713557,-0.005264447521869956,-0.014897176373252781,0.08828449735203428,-0.0038922129741194495,-0.01075381515243812,0.0677009671542009
92,16.315,0.0,-0.012107545080284846,0.0049761245812355885,0.01197660114533179,-0.004271224447912544,0.0048298704435441285,0.14652841586205706,-0.014143169334797031,0.006393068674353335,0.0017237387898654463,-0.004902051770015039,-0.019828631786589078,0.08690678825057616,-0.012107545080284846,0.0049761245812355885,0.01197660114533179,-0.003070956424234793,-0.011304946897767523,0.1284182198553514,-0.014143169334797031,0.006393068674353335,0.0017237387898654463,-0.006338989379018675,-0.01720817206587164,0.1046346139792461,-0.007673814920067642,-0.02066601960096952,0.12345073651378584
93,16.325,0.0,-0.012241731066298339,0.00504262164689978,0.011993026497546914,-0.0043208802450614954,0.004669867633861134,0.14739288387553034,-0.012995144058605813,0.006830710535975615,0.001760435830963509,-0.004884726235767233,-0.01934795350295757,0.08836830211808856,-0.012241731066298339,0.00504262164689978,0.011993026497546914,-0.0031100034556192716,-0.011401186175159624,0.1291214835100594,-0.012995144058605813,0.006830710535975615,0.001760435830963509,-0.005411053160873206,-0.01368728785997401,0.09139171897541,-0.005378032020406476,-0.013663878449801273,0.09111030779045338
94,16.335,0.0,-0.012366783227593122,0.005113646329747088,0.01200992727545632,-0.004369809575082978,0.004515052705558102,0.1482752650582746,-0.012125224723417791,0.007349599406399045,0.0018205618983109819,-0.00493176145207647,-0.01900798372104535,0.0904472558159375,-0.012366783227593122,0.005113646329747088,0.01200992727545632,-0.003173338766341311,-0.011548778720458008,0.13019342315951343,-0.012125224723417791,0.007349599406399045,0.0018205618983109819,-0.00599309286279073,-0.014504730399334113,0.10167366285922648,-0.005119117105328442,-0.012191591134530012,0.08876016520813487
95,16.345,0.0,-0.01248269805071057,0.005188504533444104,0.0120273326661525,-0.00441862917507028,0.004365187988220048,0.14917977637754842,-0.011217396551286712,0.007626594141822169,0.00188456389314404,-0.004993793347145169,-0.018669853466871077,0.09284479254758225,-0.01248269805071057,0.005188504533444104,0.0120273326661525,-0.0031633637905928505,-0.01153364325568753,0.1301963825318766,-0.011217396551286712,0.007626594141822169,0.00188456389314404,-0.0027138540770339655,-0.006676289309247203,0.05469153480497282,-0.002668016748681311,-0.006622854026400326,0.05374495109088976
96,16.355,0.0,-0.012589374618746638,0.00526665629913787,0.012045298325869275,-0.004471502730385717,0.00421114358538402,0.15010990839620303,-0.010263842258449436,0.007797722506538091,0.0019283554882549184,-0.00532762567787597,-0.01903989005143578,0.09538413048327228,-0.012589374618746638,0.00526665629913787,0.012045298325869275,-0.0032390601531673176,-0.01169944786105978,0.1314856380305099,-0.010263842258449436,0.007797722506538091,0.0019283554882549184,-0.003731585496419204,-0.008471524959062808,0.07074856065250652,-0.0032860693412953713,-0.0075334570300781625,0.06461074354974401
97,16.365,0.0,-0.012687989236734165,0.00534367253946776,0.01206381233741057,-0.004525959579221997,0.004056941121922813,0.15106759209240866,-0.009510321785923816,0.007588123123748645,0.0019723625976911952,-0.005690660830528048,-0.019321213663426637,0.09827145367049157,-0.012687989236734165,0.00534367253946776,0.01206381233741057,-0.0033272886153218606,-0.011878185124654828,0.1329214755745625,-0.009510321785923816,0.007588123123748645,0.0019723625976911952,-0.00798967600332225,-0.01679514955283292,0.13340238145526473,-0.008196241236447386,-0.017227093448358453,0.13625465213425592
98,16.375,0.0,-0.012778414261101228,0.005418410512929609,0.01208268224678295,-0.0045814632900402,0.003903066780462462,0.15205428832971174,-0.008779567845775552,0.007405695362321614,0.002018756325615751,-0.005630302679047949,-0.018974221472157653,0.10142004873996134,-0.012778414261101228,0.005418410512929609,0.01208268224678295,-0.003405317236595762,-0.01202965316523779,0.1342196518889406,-0.008779567845775552,0.007405695362321614,0.002018756325615751,-0.006835760361637005,-0.01374868315303695,0.11507527437415363,-0.008312854171426815,-0.016510265208909608,0.13670069292161188
99,16.385,0.0,-0.012861134540164201,0.005492237851451129,0.012101759342958863,-0.004637717213534473,0.003750057282979044,0.1530718582022208,-0.008025397382345067,0.007383644871080127,0.002039596805891877,-0.005512910697288429,-0.018587595544643978,0.10444080534744188,-0.012861134540164201,0.005492237851451129,0.012101759342958863,-0.0033950878972526,-0.012018514059404739,0.13422190822368257,-0.008025397382345067,0.007383644871080127,0.002039596805891877,-0.003619528222550426,-0.007425257765851979,0.06840237833032543,-0.003389964096538852,-0.007016446737499461,0.06502163245604008
100,16.395,0.0,-0.012937342522865197,0.005567480258782767,0.01212109753864006,-0.004694885262088221,0.003597641984325382,0.15412196942655282,-0.0073402647395974865,0.007628145646045538,0.002062501494973095,-0.005749774084200252,-0.0187792326721153,0.10769559408938043,-0.012937342522865197,0.005567480258782767,0.01212109753864006,-0.0034809492445919896,-0.012178092747126175,0.13567757555219037,-0.0073402647395974865,0.007628145646045538,0.002062501494973095,-0.005229065499287105,-0.010080858504225213,0.09448339547958849,-0.003781600399813482,-0.007421979094423356,0.07289618316252841
101,16.405,0.0,-0.01300772535889202,0.005645502209965501,0.012140818354202113,-0.004751480073635992,0.0034477637888765305,0.1552056407352156,-0.006853286408476611,0.007956637354629367,0.0021197665608754268,-0.0058171383642802565,-0.018610776871614866,0.1111603752669943,-0.01300772535889202,0.005645502209965501,0.012140818354202113,-0.0035760011596703972,-0.012344812910939737,0.1373089251118489,-0.006853286408476611,0.007956637354629367,0.0021197665608754268,-0.008343695646183785,-0.015131790623029245,0.14406549658957352,-0.009045663120894236,-0.016314942576757915,0.1543508444083914
102,16.415,0.0,-0.013072878816316781,0.00572756704113332,0.012160789087304133,-0.0048089599575675546,0.0032978775085501758,0.15632251281635634,-0.00642349787590309,0.008400368722313298,0.00214478566432212,-0.005694096430170832,-0.018294965223481275,0.11461071349486879,-0.013072878816316781,0.00572756704113332,0.012160789087304133,-0.003564361847066169,-0.012335819997463603,0.13731084489608777,-0.00642349787590309,0.008400368722313298,0.00214478566432212,-0.004258406958253388,-0.00800961563068828,0.08290540741677145,-0.004170630123711695,-0.007886362516875536,0.0816634671949053
103,16.425,0.0,-0.013133836923560209,0.005813912201206792,0.012181021255259404,-0.0048677957232596564,0.0031478132152765494,0.15747550644103187,-0.005934117926219873,0.008731376263330516,0.0021650926416333944,-0.005931043908804665,-0.01845369744354156,0.11816233073298839,-0.013133836923560209,0.005813912201206792,0.012181021255259404,-0.0036465061808883016,-0.012475359161376272,0.13878725281310172,-0.005934117926219873,0.008731376263330516,0.0021650926416333944,-0.004162060980125593,-0.007556583126931897,0.08400920541173479,-0.003525251060898206,-0.006527312521831156,0.07391638506268253
104,16.435,0.0,-0.013191189040832245,0.005903216797345625,0.012201443020610877,-0.004927660293628775,0.0029980287040833383,0.15866648801336752,-0.005600445867818434,0.008955173072259095,0.0021799864420233676,-0.00624434281554635,-0.018645551931205182,0.12213207347055068,-0.013191189040832245,0.005903216797345625,0.012201443020610877,-0.003738794734143517,-0.01262311765337401,0.14044524073424383,-0.005600445867818434,0.008955173072259095,0.0021799864420233676,-0.008117261100932763,-0.013446903449444382,0.1474917492324353,-0.008721644353873353,-0.014364882795529079,0.15671979190788948
105,16.445,0.0,-0.013244402520542528,0.005993255731749006,0.012222066880981729,-0.004989483520448067,0.002846601577177095,0.15989604281013076,-0.005270267923951056,0.008967864055754199,0.0022059523591183143,-0.0060844602941474936,-0.0183041722415004,0.1261751322912811,-0.013244402520542528,0.005993255731749006,0.012222066880981729,-0.0038431594094656234,-0.012781097580153979,0.14230756917996767,-0.005270267923951056,0.008967864055754199,0.0022059523591183143,-0.007901799907502146,-0.0125543458502016,0.1451740480748748,-0.00983266142887267,-0.01528692093889452,0.17601581834339483
106,16.455,0.0,-0.013294242234271397,0.0060836175458861335,0.012242725380674098,-0.0050500772618479505,0.00269793490726433,0.1611636883990863,-0.004973645877854545,0.009147169445946277,0.00219508707984682,-0.005767824791670546,-0.017790078210661295,0.12985512084972517,-0.013294242234271397,0.0060836175458861335,0.012242725380674098,-0.0038298835836484205,-0.012773946045841977,0.14230921322547194,-0.004973645877854545,0.009147169445946277,0.00219508707984682,-0.005159591977935042,-0.008416458822755815,0.10311981620304128,-0.004554442475247698,-0.007541419623402505,0.09319862456145689
107,16.465,0.0,-0.013341609941682243,0.006179599631129048,0.012263554728180524,-0.0051071281919658025,0.002555397164469281,0.16247162318035485,-0.004670131634114777,0.00998359324698734,0.002247682963528466,-0.005718932798840591,-0.01752359428991193,0.13380515430736847,-0.013341609941682243,0.006179599631129048,0.012263554728180524,-0.003909610104168647,-0.012893604685094713,0.14386169204485988,-0.004670131634114777,0.00998359324698734,0.002247682963528466,-0.005236440918717918,-0.008313142674871538,0.1093587128041592,-0.003322534735153011,-0.005625355247039839,0.07770614324465326
108,16.475,0.0,-0.01338684866293643,0.0062849504125288376,0.012284820260068151,-0.0051634835469922015,0.0024151292194227953,0.16381963146291578,-0.004554637853891872,0.010918924101854126,0.0023084681155527364,-0.005875490135157751,-0.01751569847419665,0.13790601586820764,-0.01338684866293643,0.0062849504125288376,0.012284820260068151,-0.003994634867174846,-0.013013978994968263,0.14560891745690258,-0.004554637853891872,0.010918924101854126,0.0023084681155527364,-0.007642249309999722,-0.011228957277623389,0.15533900128611797,-0.008237564176325849,-0.012001647456320931,0.16498521157162335
109,16.485,0.0,-0.013430636196872495,0.006399027564041093,0.012306454624011549,-0.005222706730391829,0.002271760707144704,0.1652070769092146,-0.004495613449447095,0.011603643066232048,0.0023202153660878346,-0.005948634486924171,-0.017573661818335203,0.1420252287235018,-0.013430636196872495,0.006399027564041093,0.012306454624011549,-0.004083432325553894,-0.01313278538578818,0.14742522592538687,-0.004495613449447095,0.011603643066232048,0.0023202153660878346,-0.00697694182762156,-0.009923931834370826,0.14822170460839434,-0.008691111069268705,-0.011959035034680553,0.17817669402644815
110,16.495,0.0,-0.013473711437381049,0.006516322474279028,0.012328245550146721,-0.005281760660756005,0.0021307178397482747,0.16663236109487106,-0.004417622961586765,0.011678944029055583,0.002313698368523733,-0.005720285853658981,-0.017315709161283714,0.1457749136060471,-0.013473711437381049,0.006516322474279028,0.012328245550146721,-0.004065680760862896,-0.01312633073379027,0.147426884771656,-0.004417622961586765,0.011678944029055583,0.002313698368523733,-0.00414928698139036,-0.006359443173019819,0.10138175292687614,-0.0035522946844059526,-0.005617586941104045,0.09089836573772127
111,16.505,0.0,-0.013514442804380132,0.006637371485407841,0.012355039825864474,-0.005338578750865411,0.001991879210303032,0.16809906244372763,-0.004266752024290413,0.011909564364891989,0.002667267654294695,-0.005593645439429908,-0.016895861066638165,0.1497323431191976,-0.013514442804380132,0.006637371485407841,0.012355039825864474,-0.004163734446529423,-0.01325226990481801,0.14939816914738618,-0.004266752024290413,0.011909564364891989,0.002667267654294695,-0.005791473037796006,-0.00806087104436522,0.1301041531325175,-0.004015106048780335,-0.005974225951495312,0.09864716110002013
112,16.515,0.0,-0.013557516795901729,0.006759825559870031,0.012381974999708589,-0.005392873554204136,0.0018579044317820798,0.16960658511885207,-0.004503597723913429,0.01242934687904844,0.0029311619338826186,-0.005602926824442843,-0.016471898378400032,0.1538854330968187,-0.013557516795901729,0.006759825559870031,0.012381974999708589,-0.004259397756097596,-0.013369901713439235,0.15148800530729872,-0.004503597723913429,0.01242934687904844,0.0029311619338826186,-0.008978380389831285,-0.011380570374748286,0.19129445109938378,-0.009685849761731863,-0.012178548982444498,0.20305602678206316
113,16.525,0.0,-0.013602887387966127,0.0068879482264535274,0.012409979427419187,-0.00544841879952024,0.0017269285334339727,0.17115293535392656,-0.0048093859406506964,0.012948228072629941,0.0030313610127027236,-0.005669366870067137,-0.016167906326875564,0.15803019970109908,-0.013602887387966127,0.0068879482264535274,0.012409979427419187,-0.004239377349890491,-0.013362932357522006,0.15148980999783995,-0.0048093859406506964,0.012948228072629941,0.0030313610127027236,-0.0038353744258294575,-0.005555920400620726,0.10536365408837,-0.003782145168047063,-0.0055331226351924955,0.10458204252256073
114,16.535,0.0,-0.013652434295728174,0.0070209604019867205,0.012439761510591762,-0.005507070035463778,0.0015963226928700342,0.17274043951166684,-0.0049840690231379705,0.012832119782281277,0.0031734940560164174,-0.00574647815122514,-0.01568659431620659,0.16173790435113505,-0.013652434295728174,0.0070209604019867205,0.012439761510591762,-0.004343580423179415,-0.013480609864567332,0.153796379451607,-0.0049840690231379705,0.012832119782281277,0.0031734940560164174,-0.004890534035936471,-0.006211303676977788,0.12761608908976682,-0.0042091333540839266,-0.005535407556397407,0.11541870721527356
115,16.545,0.0,-0.013702818176951521,0.007148518840912956,0.012470813072747658,-0.005565155622729954,0.001471908777134269,0.1743672579779203,-0.005208154107057975,0.012583716885370104,0.003443436945943706,-0.005953029229144902,-0.015245120915599797,0.1656988892533004,-0.013702818176951521,0.007148518840912956,0.012470813072747658,-0.004427013922896263,-0.013568307605092228,0.15573442864047937,-0.005208154107057975,0.012583716885370104,0.003443436945943706,-0.009162444116015276,-0.0100119296887133,0.2088764157861379,-0.009381828650282704,-0.01026876237850565,0.21223093213188385
116,16.555,0.0,-0.013754611174602971,0.007273359180644812,0.012503862495882232,-0.005622511596583334,0.0013536670939044313,0.1760339588329083,-0.005410028479859836,0.012385897068686145,0.0036231396348204085,-0.005860160465788762,-0.014542333420332332,0.16988118489296983,-0.013754611174602971,0.007273359180644812,0.012503862495882232,-0.004527234008169935,-0.01366027691531762,0.1580728043150179,-0.005410028479859836,0.012385897068686145,0.0036231396348204085,-0.008492950198741253,-0.008357788023112506,0.2009213590004645,-0.009182679249520403,-0.008983352537510451,0.2138212431704559
117,16.568,0.0,-0.01380771242713492,0.007396878788599064,0.012538053337692956,-0.005696159876851497,0.0012066523800243864,0.1782576106976338,-0.005588378786261136,0.012334888736866167,0.0037056705579754687,-0.005559992257741908,-0.013777681677461184,0.1748777963674937,-0.01380771242713492,0.007396878788599064,0.012538053337692956,-0.0046354359207329485,-0.01374661259349981,0.16066578537050327,-0.005588378786261136,0.012334888736866167,0.0037056705579754687,-0.006109749899399037,-0.005717244795704713,0.15951333566296158,-0.006138336199533522,-0.00575563489579746,0.16020243566870715
118,16.575,0.0,-0.013863611895693,0.007521980226999997,0.012573018078725268,0.0,0.0,-0.05,-0.005850649794858035,0.012668614165874231,0.003772941760038732,,,,-0.013863611895693,0.007521980226999997,0.012573018078725268,-0.00461456517186689,-0.013737572848245512,0.16066790139827744,-0.005850649794858035,0.012668614165874231,0.003772941760038732,,,,0.000959742950745457,-0.00025319485910553144,0.04349525471933948
119,16.585,0.0,0.0,0.0,0.0,0.0,0.0,-0.05,,,,,,,0.0,0.0,0.0,-0.0061370800207958855,-0.01589150597286089,0.16025874763727188,,,,,,,-0.07403866755988864,-0.10679268170539981,-0.02024608527287274
120,16.596,0.0,0.0,0.0,0.0,0.0,0.0,-0.05,,,,,,,0.0,0.0,0.0,-0.021472245683486886,0.011283205254556103,0.02770354668609798,,,,,,,-0.8428840255814668,1.2510389051407738,-6.648217735612656
121,16.615,0.0,0.0,0.0,0.0,0.0,0.0,-0.05,,,,,,,0.0,0.0,0.0,-0.021472245683486886,0.011283205254556103,0.02770354668609798,,,,,,,-0.7667582831349747,1.3587355613716021,-6.627760047562367
122,16.626,0.0,0.0,0.0,0.0,0.0,0.0,-0.05,,,,,,,0.0,0.0,0.0,-0.021472245683486886,0.011283205254556103,0.02770354668609798,,,,,,,0.0,0.0,0.0
123,16.635,0.0,0.0,0.0,0.0,0.0,0.0,-0.05,,,,,,,0.0,0.0,0.0,-0.021472245683486886,0.011283205254556103,0.02770354668609798,,,,,,,0.0,0.0,0.0
124,16.645,0.0,0.0,0.0,0.0,0.0,0.0,-0.05,,,,,,,0.0,0.0,0.0,-0.021472245683486886,0.011283205254556103,0.02770354668609798,,,,,,,0.0,0.0,0.0
125,16.656,0.0,0.0,0.0,0.0,0.0,0.0,-0.05,,,,,,,0.0,0.0,0.0,-0.021472245683486886,0.011283205254556103,0.02770354668609798,,,,,,,0.0,0.0,0.0
126,16.666,0.0,0.0,0.0,0.0,0.0,0.0,-0.05,,,,,,,0.0,0.0,0.0,-0.021472245683486886,0.011283205254556103,0.02770354668609798,,,,,,,0.0,0.0,0.0
127,16.675,0.0,0.0,0.0,0.0,0.0,0.0,-0.05,,,,,,,0.0,0.0,0.0,-0.021472245683486886,0.011283205254556103,0.02770354668609798,,,,,,,0.0,0.0,0.0
128,16.685,0.0,0.0,0.0,0.0,0.0,0.0,-0.05,,,,,,,0.0,0.0,0.0,-0.021472245683486886,0.011283205254556103,0.02770354668609798,,,,,,,0.0,0.0,0.0
129,16.695,0.0,0.0,0.0,0.0,0.0,0.0,-0.05,,,,,,,0.0,0.0,0.0,-0.021472245683486886,0.011283205254556103,0.02770354668609798,,,,,,,0.0,0.0,0.0
130,16.705,0.0,0.0,0.0,0.0,0.0,0.0,-0.05,,,,,,,0.0,0.0,0.0,-0.021472245683486886,0.011283205254556103,0.02770354668609798,,,,,,,0.0,0.0,0.0
131,16.725,0.0,0.0,0.0,0.0,0.0,0.0,-0.05,,,,,,,0.0,0.0,0.0,-0.021472245683486886,0.011283205254556103,0.02770354668609798,,,,,,,0.0,0.0,0.0
132,16.735,0.0,0.0,0.0,0.0,0.0,0.0,-0.05,,,,,,,0.0,0.0,0.0,-0.021472245683486886,0.011283205254556103,0.02770354668609798,,,,,,,0.0,0.0,0.0
133,16.744,0.0,0.0,0.0,0.0,0.0,0.0,-0.05,,,,,,,0.0,0.0,0.0,-0.021472245683486886,0.011283205254556103,0.02770354668609798,,,,,,,0.0,0.0,0.0
134,16.755,0.0,0.0,0.0,0.0,0.0,0.0,-0.05,,,,,,,0.0,0.0,0.0,-0.021472245683486886,0.011283205254556103,0.02770354668609798,,,,,,,0.0,0.0,0.0
135,16.764,0.0,0.0,0.0,0.0,0.0,0.0,-0.05,,,,,,,0.0,0.0,0.0,-0.021472245683486886,0.011283205254556103,0.02770354668609798,,,,,,,0.0,0.0,0.0
136,16.774,0.0,0.0,0.0,0.0,0.0,0.0,-0.05,,,,,,,0.0,0.0,0.0,-0.021472245683486886,0.011283205254556103,0.02770354668609798,,,,,,,0.0,0.0,0.0
137,16.784,0.0,0.0,0.0,0.0,0.0,0.0,-0.05,,,,,,,0.0,0.0,0.0,-0.021472245683486886,0.011283205254556103,0.02770354668609798,,,,,,,0.0,0.0,0.0
138,16.794,0.0,0.0,0.0,0.0,0.0,0.0,-0.05,,,,,,,0.0,0.0,0.0,-0.021472245683486886,0.011283205254556103,0.02770354668609798,,,,,,,0.0,0.0,0.0
139,16.804,0.0,0.0,0.0,0.0,0.0,0.0,-0.05,,,,,,,0.0,0.0,0.0,-0.021472245683486886,0.011283205254556103,0.02770354668609798,,,,,,,0.0,0.0,0.0
140,16.815,0.0,0.0,0.0,0.0,0.0,0.0,-0.05,,,,,,,0.0,0.0,0.0,-0.021472245683486886,0.011283205254556103,0.02770354668609798,,,,,,,,,
141,16.831,0.0,0.0,0.0,0.0,0.0,0.0,-0.05,,,,,,,0.0,0.0,0.0,-0.021472245683486886,0.011283205254556103,0.02770354668609798,,,,,,,,,
142,16.841,0.0,0.0,0.0,0.0,0.0,0.0,-0.05,,,,,,,0.0,0.0,0.0,-0.021472245683486886,0.011283205254556103,0.02770354668609798,,,,,,,0.0,0.0,0.0
143,16.853,0.0,0.0,0.0,0.0,0.0,0.0,-0.05,,,,,,,0.0,0.0,0.0,-0.021472245683486886,0.011283205254556103,0.02770354668609798,,,,,,,0.0,0.0,0.0
144,16.86,0.0,0.0,0.0,0.0,0.0,0.0,-0.05,,,,,,,0.0,0.0,0.0,-0.021472245683486886,0.011283205254556103,0.02770354668609798,,,,,,,0.0,0.0,0.0
145,16.871,0.0,0.0,0.0,0.0,0.0,0.0,-0.05,,,,,,,0.0,0.0,0.0,-0.021472245683486886,0.011283205254556103,0.02770354668609798,,,,,,,0.0,0.0,0.0
146,16.881,0.0,0.0,0.0,0.0,0.0,0.0,-0.05,,,,,,,0.0,0.0,0.0,-0.021472245683486886,0.011283205254556103,0.02770354668609798,,,,,,,0.0,0.0,0.0
147,16.89,0.0,0.0,0.0,0.0,0.0,0.0,-0.05,,,,,,,0.0,0.0,0.0,-0.021472245683486886,0.011283205254556103,0.02770354668609798,,,,,,,0.0,0.0,0.0
148,16.902,0.0,0.0,0.0,0.0,0.0,0.0,-0.05,,,,,,,0.0,0.0,0.0,-0.021472245683486886,0.011283205254556103,0.02770354668609798,,,,,,,0.0,0.0,0.0
149,16.914,0.0,0.0,0.0,0.0,0.0,0.0,-0.05,,,,,,,0.0,0.0,0.0,-0.021472245683486886,0.011283205254556103,0.02770354668609798,,,,,,,0.0,0.0,0.0
150,16.921,0.0,0.0,0.0,0.0,0.0,0.0,-0.05,,,,,,,0.0,0.0,0.0,-0.021472245683486886,0.011283205254556103,0.02770354668609798,,,,,,,0.0,0.0,0.0
151,16.94,0.0,0.0,0.0,0.0,0.0,0.0,-0.05,,,,,,,0.0,0.0,0.0,-0.021472245683486886,0.011283205254556103,0.02770354668609798,,,,,,,,,
152,16.95,0.0,0.0,0.0,0.0,0.0,0.0,-0.05,,,,,,,0.0,0.0,0.0,-0.021472245683486886,0.011283205254556103,0.02770354668609798,,,,,,,,,
153,16.959,0.0,0.0,0.0,0.0,0.0,0.0,-0.05,,,,,,,0.0,0.0,0.0,-0.021472245683486886,0.011283205254556103,0.02770354668609798,,,,,,,0.0,0.0,0.0
154,16.969,0.0,0.0,0.0,0.0,0.0,0.0,-0.05,,,,,,,0.0,0.0,0.0,-0.021472245683486886,0.011283205254556103,0.02770354668609798,,,,,,,0.0,0.0,0.0
155,16.98,0.0,0.0,0.0,0.0,0.0,0.0,-0.05,,,,,,,0.0,0.0,0.0,-0.021472245683486886,0.011283205254556103,0.02770354668609798,,,,,,,0.0,0.0,0.0
156,16.989,0.0,0.0,0.0,0.0,0.0,0.0,-0.05,,,,,,,0.0,0.0,0.0,-0.021472245683486886,0.011283205254556103,0.02770354668609798,,,,,,,0.0,0.0,0.0
157,16.999,0.0,0.0,0.0,0.0,0.0,0.0,-0.05,,,,,,,0.0,0.0,0.0,-0.021472245683486886,0.011283205254556103,0.02770354668609798,,,,,,,0.0,0.0,0.0
158,17.009,0.0,0.0,0.0,0.0,0.0,0.0,-0.05,,,,,,,0.0,0.0,0.0,-0.021472245683486886,0.011283205254556103,0.02770354668609798,,,,,,,0.0,0.0,0.0
159,17.019,0.0,0.0,0.0,0.0,0.0,0.0,-0.05,,,,,,,0.0,0.0,0.0,-0.021472245683486886,0.011283205254556103,0.02770354668609798,,,,,,,0.0,0.0,0.0
160,17.029,0.0,0.0,0.0,0.0,0.0,0.0,-0.05,,,,,,,0.0,0.0,0.0,-0.021472245683486886,0.011283205254556103,0.02770354668609798,,,,,,,0.0,0.0,0.0
161,17.048,0.0,0.0,0.0,0.0,0.0,0.0,-0.05,,,,,,,0.0,0.0,0.0,-0.021472245683486886,0.011283205254556103,0.02770354668609798,,,,,,,0.0,0.0,0.0
162,17.057,0.0,0.0,0.0,0.0,0.0,0.0,-0.05,,,,,,,0.0,0.0,0.0,-0.021472245683486886,0.011283205254556103,0.02770354668609798,,,,,,,0.0,0.0,0.0
163,17.069,0.0,0.0,0.0,0.0,0.0,0.0,-0.05,,,,,,,0.0,0.0,0.0,-0.021472245683486886,0.011283205254556103,0.02770354668609798,,,,,,,0.0,0.0,0.0
164,17.078,0.0,0.0,0.0,0.0,0.0,0.0,-0.05,,,,,,,0.0,0.0,0.0,-0.021472245683486886,0.011283205254556103,0.02770354668609798,,,,,,,0.0,0.0,0.0
165,17.093,0.0,0.0,0.0,0.0,0.0,0.0,-0.05,,,,,,,0.0,0.0,0.0,-0.021472245683486886,0.011283205254556103,0.02770354668609798,,,,,,,0.0,0.0,0.0
166,17.102,0.0,0.0,0.0,0.0,0.0,0.0,-0.05,,,,,,,0.0,0.0,0.0,-0.021472245683486886,0.011283205254556103,0.02770354668609798,,,,,,,0.0,0.0,0.0
167,17.112,0.0,0.0,0.0,0.0,0.0,0.0,-0.05,,,,,,,0.0,0.0,0.0,-0.021472245683486886,0.011283205254556103,0.02770354668609798,,,,,,,0.0,0.0,0.0
168,17.122,0.0,0.0,0.0,0.0,0.0,0.0,-0.05,,,,,,,0.0,0.0,0.0,-0.021472245683486886,0.011283205254556103,0.02770354668609798,,,,,,,0.0,0.0,0.0
169,17.132,0.0,0.0,0.0,0.0,0.0,0.0,-0.05,,,,,,,0.0,0.0,0.0,-0.021472245683486886,0.011283205254556103,0.02770354668609798,,,,,,,0.0,0.0,0.0
170,17.143,0.0,0.0,0.0,0.0,0.0,0.0,-0.05,,,,,,,0.0,0.0,0.0,-0.021472245683486886,0.011283205254556103,0.02770354668609798,,,,,,,,,
171,17.165,0.0,0.0,0.0,0.0,0.0,0.0,-0.05,,,,,,,0.0,0.0,0.0,-0.021472245683486886,0.011283205254556103,0.02770354668609798,,,,,,,,,
172,17.175,0.0,0.0,0.0,0.0,0.0,0.0,-0.05,,,,,,,0.0,0.0,0.0,-0.021472245683486886,0.011283205254556103,0.02770354668609798,,,,,,,0.0,0.0,0.0
173,17.187,0.0,0.0,0.0,0.0,0.0,0.0,-0.05,,,,,,,0.0,0.0,0.0,-0.021472245683486886,0.011283205254556103,0.02770354668609798,,,,,,,,,
174,17.196,0.0,0.0,0.0,0.0,0.0,0.0,-0.05,,,,,,,0.0,0.0,0.0,-0.021472245683486886,0.011283205254556103,0.02770354668609798,,,,,,,0.0,0.0,0.0
175,17.206,0.0,0.0,0.0,0.0,0.0,0.0,-0.05,,,,,,,0.0,0.0,0.0,-0.021472245683486886,0.011283205254556103,0.02770354668609798,,,,,,,0.0,0.0,0.0
176,17.215,0.0,0.0,0.0,0.0,0.0,0.0,-0.05,,,,,,,0.0,0.0,0.0,-0.021472245683486886,0.011283205254556103,0.02770354668609798,,,,,,,0.0,0.0,0.0
177,17.226,0.0,0.0,0.0,0.0,0.0,0.0,-0.05,,,,,,,0.0,0.0,0.0,-0.021472245683486886,0.011283205254556103,0.02770354668609798,,,,,,,0.0,0.0,0.0
178,17.236,0.0,0.0,0.0,0.0,0.0,0.0,-0.05,,,,,,,0.0,0.0,0.0,-0.021472245683486886,0.011283205254556103,0.02770354668609798,,,,,,,0.0,0.0,0.0
179,17.245,0.0,0.0,0.0,0.0,0.0,0.0,-0.05,,,,,,,0.0,0.0,0.0,-0.021472245683486886,0.011283205254556103,0.02770354668609798,,,,,,,0.0,0.0,0.0
180,17.256,0.0,0.0,0.0,0.0,0.0,0.0,-0.05,,,,,,,0.0,0.0,0.0,-0.021472245683486886,0.011283205254556103,0.02770354668609798,,,,,,,,,
181,17.277,0.0,0.0,0.0,0.0,0.0,0.0,-0.05,,,,,,,0.0,0.0,0.0,-0.021472245683486886,0.011283205254556103,0.02770354668609798,,,,,,,,,
182,17.288,0.0,0.0,0.0,0.0,0.0,0.0,-0.05,,,,,,,0.0,0.0,0.0,-0.021472245683486886,0.011283205254556103,0.02770354668609798,,,,,,,0.0,0.0,0.0
183,17.298,0.0,0.0,0.0,0.0,0.0,0.0,-0.05,,,,,,,0.0,0.0,0.0,-0.021472245683486886,0.011283205254556103,0.02770354668609798,,,,,,,0.0,0.0,0.0
184,17.311,0.0,0.0,0.0,0.0,0.0,0.0,-0.05,,,,,,,0.0,0.0,0.0,-0.021472245683486886,0.011283205254556103,0.02770354668609798,,,,,,,,,
185,17.321,0.0,0.0,0.0,0.0,0.0,0.0,-0.05,,,,,,,0.0,0.0,0.0,-0.021472245683486886,0.011283205254556103,0.02770354668609798,,,,,,,,,
186,17.328,0.0,0.0,0.0,0.0,0.0,0.0,-0.05,,,,,,,0.0,0.0,0.0,-0.021472245683486886,0.011283205254556103,0.02770354668609798,,,,,,,,,
187,17.337,0.0,0.0,0.0,0.0,0.0,0.0,-0.05,,,,,,,0.0,0.0,0.0,-0.021472245683486886,0.011283205254556103,0.02770354668609798,,,,,,,,,
188,17.347,0.0,0.0,0.0,0.0,0.0,0.0,-0.05,,,,,,,0.0,0.0,0.0,-0.021472245683486886,0.011283205254556103,0.02770354668609798,,,,,,,0.0,0.0,0.0
189,17.357,0.0,0.0,0.0,0.0,0.0,0.0,-0.05,,,,,,,0.0,0.0,0.0,-0.021472245683486886,0.011283205254556103,0.02770354668609798,,,,,,,0.0,0.0,0.0
190,17.368,0.0,0.0,0.0,0.0,0.0,0.0,-0.05,,,,,,,0.0,0.0,0.0,-0.021472245683486886,0.011283205254556103,0.02770354668609798,,,,,,,0.0,0.0,0.0
191,17.389,0.0,0.0,0.0,0.0,0.0,0.0,-0.05,,,,,,,0.0,0.0,0.0,-0.021472245683486886,0.011283205254556103,0.02770354668609798,,,,,,,0.0,0.0,0.0
192,17.4,0.0,0.0,0.0,0.0,0.0,0.0,-0.05,,,,,,,0.0,0.0,0.0,-0.021472245683486886,0.011283205254556103,0.02770354668609798,,,,,,,0.0,0.0,0.0
193,17.409,0.0,0.0,0.0,0.0,0.0,0.0,-0.05,,,,,,,0.0,0.0,0.0,-0.021472245683486886,0.011283205254556103,0.02770354668609798,,,,,,,0.0,0.0,0.0
194,17.419,0.0,0.0,0.0,0.0,0.0,0.0,-0.05,,,,,,,0.0,0.0,0.0,-0.021472245683486886,0.011283205254556103,0.02770354668609798,,,,,,,0.0,0.0,0.0
195,17.429,0.0,0.0,0.0,0.0,0.0,0.0,-0.05,,,,,,,0.0,0.0,0.0,-0.021472245683486886,0.011283205254556103,0.02770354668609798,,,,,,,0.0,0.0,0.0
196,17.443,0.0,0.0,0.0,0.0,0.0,0.0,-0.05,,,,,,,0.0,0.0,0.0,-0.021472245683486886,0.011283205254556103,0.02770354668609798,,,,,,,0.0,0.0,0.0
197,17.449,0.0,0.0,0.0,0.0,0.0,0.0,-0.05,,,,,,,0.0,0.0,0.0,-0.021472245683486886,0.011283205254556103,0.02770354668609798,,,,,,,0.0,0.0,0.0
198,17.459,0.0,0.0,0.0,0.0,0.0,0.0,-0.05,,,,,,,0.0,0.0,0.0,-0.021472245683486886,0.011283205254556103,0.02770354668609798,,,,,,,0.0,0.0,0.0
199,17.473,0.0,0.0,0.0,0.0,0.0,0.0,-0.05,,,,,,,0.0,0.0,0.0,-0.021472245683486886,0.011283205254556103,0.02770354668609798,,,,,,,0.0,0.0,0.0
200,17.479,0.0,0.0,0.0,0.0,0.0,0.0,-0.05,,,,,,,0.0,0.0,0.0,-0.021472245683486886,0.011283205254556103,0.02770354668609798,,,,,,,0.0,0.0,0.0
201,17.502,0.0,0.0,0.0,0.0,0.0,0.0,-0.05,,,,,,,0.0,0.0,0.0,-0.021472245683486886,0.011283205254556103,0.02770354668609798,,,,,,,0.0,0.0,0.0
202,17.513,0.0,0.0,0.0,0.0,0.0,0.0,-0.05,,,,,,,0.0,0.0,0.0,-0.021472245683486886,0.011283205254556103,0.02770354668609798,,,,,,,0.0,0.0,0.0
203,17.525,0.0,0.0,0.0,0.0,0.0,0.0,-0.05,,,,,,,0.0,0.0,0.0,-0.021472245683486886,0.011283205254556103,0.02770354668609798,,,,,,,0.0,0.0,0.0
204,17.532,0.0,0.0,0.0,0.0,0.0,0.0,-0.05,,,,,,,0.0,0.0,0.0,-0.021472245683486886,0.011283205254556103,0.02770354668609798,,,,,,,0.0,0.0,0.0
205,17.542,0.0,0.0,0.0,0.0,0.0,0.0,-0.05,,,,,,,0.0,0.0,0.0,-0.021472245683486886,0.011283205254556103,0.02770354668609798,,,,,,,0.0,0.0,0.0
206,17.553,0.0,0.0,0.0,0.0,0.0,0.0,-0.05,,,,,,,0.0,0.0,0.0,-0.021472245683486886,0.011283205254556103,0.02770354668609798,,,,,,,,,
207,17.563,0.0,0.0,0.0,0.0,0.0,0.0,-0.05,,,,,,,0.0,0.0,0.0,-0.021472245683486886,0.011283205254556103,0.02770354668609798,,,,,,,,,
208,17.572,0.0,0.0,0.0,0.0,0.0,0.0,-0.05,,,,,,,0.0,0.0,0.0,-0.021472245683486886,0.011283205254556103,0.02770354668609798,,,,,,,0.0,0.0,0.0
209,17.583,0.0,0.0,0.0,0.0,0.0,0.0,-0.05,,,,,,,0.0,0.0,0.0,-0.021472245683486886,0.011283205254556103,0.02770354668609798,,,,,,,0.0,0.0,0.0
210,17.592,0.0,0.0,0.0,0.0,0.0,0.0,-0.05,,,,,,,0.0,0.0,0.0,-0.021472245683486886,0.011283205254556103,0.02770354668609798,,,,,,,0.0,0.0,0.0
211,17.615,0.0,0.0,0.0,0.0,0.0,0.0,-0.05,,,,,,,0.0,0.0,0.0,-0.021472245683486886,0.011283205254556103,0.02770354668609798,,,,,,,0.0,0.0,0.0
212,17.622,0.0,0.0,0.0,0.0,0.0,0.0,-0.05,,,,,,,0.0,0.0,0.0,-0.021472245683486886,0.011283205254556103,0.02770354668609798,,,,,,,,,
213,17.631,0.0,0.0,0.0,0.0,0.0,0.0,-0.05,,,,,,,0.0,0.0,0.0,-0.021472245683486886,0.011283205254556103,0.02770354668609798,,,,,,,,,
214,17.641,0.0,0.0,0.0,0.0,0.0,0.0,-0.05,,,,,,,0.0,0.0,0.0,-0.021472245683486886,0.011283205254556103,0.02770354668609798,,,,,,,0.0,0.0,0.0
215,17.651,0.0,0.0,0.0,0.0,0.0,0.0,-0.05,,,,,,,0.0,0.0,0.0,-0.021472245683486886,0.011283205254556103,0.02770354668609798,,,,,,,0.0,0.0,0.0
216,17.663,0.0,0.0,0.0,0.0,0.0,0.0,-0.05,,,,,,,0.0,0.0,0.0,-0.021472245683486886,0.011283205254556103,0.02770354668609798,,,,,,,0.0,0.0,0.0
217,17.671,0.0,0.0,0.0,0.0,0.0,0.0,-0.05,,,,,,,0.0,0.0,0.0,-0.021472245683486886,0.011283205254556103,0.02770354668609798,,,,,,,0.0,0.0,0.0
218,17.681,0.0,0.0,0.0,0.0,0.0,0.0,-0.05,,,,,,,0.0,0.0,0.0,-0.021472245683486886,0.011283205254556103,0.02770354668609798,,,,,,,0.0,0.0,0.0
219,17.694,0.0,0.0,0.0,0.0,0.0,0.0,-0.05,,,,,,,0.0,0.0,0.0,-0.021472245683486886,0.011283205254556103,0.02770354668609798,,,,,,,0.0,0.0,0.0
220,17.701,0.0,0.0,0.0,0.0,0.0,0.0,-0.05,,,,,,,0.0,0.0,0.0,-0.021472245683486886,0.011283205254556103,0.02770354668609798,,,,,,,0.0,0.0,0.0
221,17.725,0.0,0.0,0.0,0.0,0.0,0.0,-0.05,,,,,,,0.0,0.0,0.0,-0.021472245683486886,0.011283205254556103,0.02770354668609798,,,,,,,0.0,0.0,0.0
222,17.734,0.0,0.0,0.0,0.0,0.0,0.0,-0.05,,,,,,,0.0,0.0,0.0,-0.021472245683486886,0.011283205254556103,0.02770354668609798,,,,,,,0.0,0.0,0.0
223,17.744,0.0,0.0,0.0,0.0,0.0,0.0,-0.05,,,,,,,0.0,0.0,0.0,-0.021472245683486886,0.011283205254556103,0.02770354668609798,,,,,,,0.0,0.0,0.0
224,17.755,0.0,0.0,0.0,0.0,0.0,0.0,-0.05,,,,,,,0.0,0.0,0.0,-0.021472245683486886,0.011283205254556103,0.02770354668609798,,,,,,,0.0,0.0,0.0
225,17.769,0.0,0.0,0.0,0.0,0.0,0.0,-0.05,,,,,,,0.0,0.0,0.0,-0.021472245683486886,0.011283205254556103,0.02770354668609798,,,,,,,0.0,0.0,0.0
226,17.778,0.0,0.0,0.0,0.0,0.0,0.0,-0.05,,,,,,,0.0,0.0,0.0,-0.021472245683486886,0.011283205254556103,0.02770354668609798,,,,,,,,,
227,17.793,0.0,0.0,0.0,0.0,0.0,0.0,-0.05,,,,,,,0.0,0.0,0.0,-0.021472245683486886,0.011283205254556103,0.02770354668609798,,,,,,,,,
228,17.801,0.0,0.0,0.0,0.0,0.0,0.0,-0.05,,,,,,,0.0,0.0,0.0,-0.021472245683486886,0.011283205254556103,0.02770354668609798,,,,,,,,,
229,17.81,0.0,0.0,0.0,0.0,0.0,0.0,-0.05,,,,,,,0.0,0.0,0.0,-0.021472245683486886,0.011283205254556103,0.02770354668609798,,,,,,,,,
230,17.822,0.0,0.0,0.0,0.0,0.0,0.0,-0.05,,,,,,,0.0,0.0,0.0,-0.021472245683486886,0.011283205254556103,0.02770354668609798,,,,,,,0.0,0.0,0.0
231,17.843,0.0,0.0,0.0,0.0,0.0,0.0,-0.05,,,,,,,0.0,0.0,0.0,-0.021472245683486886,0.011283205254556103,0.02770354668609798,,,,,,,0.0,0.0,0.0
232,17.853,0.0,0.0,0.0,0.0,0.0,0.0,-0.05,,,,,,,0.0,0.0,0.0,-0.021472245683486886,0.011283205254556103,0.02770354668609798,,,,,,,0.0,0.0,0.0
233,17.864,0.0,0.0,0.0,0.0,0.0,0.0,-0.05,,,,,,,0.0,0.0,0.0,-0.021472245683486886,0.011283205254556103,0.02770354668609798,,,,,,,0.0,0.0,0.0
234,17.874,0.0,0.0,0.0,0.0,0.0,0.0,-0.05,,,,,,,0.0,0.0,0.0,-0.021472245683486886,0.011283205254556103,0.02770354668609798,,,,,,,0.0,0.0,0.0
235,17.883,0.0,0.0,0.0,0.0,0.0,0.0,-0.05,,,,,,,0.0,0.0,0.0,-0.021472245683486886,0.011283205254556103,0.02770354668609798,,,,,,,0.0,0.0,0.0
236,17.893,0.0,0.0,0.0,0.0,0.0,0.0,-0.05,,,,,,,0.0,0.0,0.0,-0.021472245683486886,0.011283205254556103,0.02770354668609798,,,,,,,0.0,0.0,0.0
237,17.903,0.0,0.0,0.0,0.0,0.0,0.0,-0.05,,,,,,,0.0,0.0,0.0,-0.021472245683486886,0.011283205254556103,0.02770354668609798,,,,,,,0.0,0.0,0.0
238,17.915,0.0,0.0,0.0,0.0,0.0,0.0,-0.05,,,,,,,0.0,0.0,0.0,-0.021472245683486886,0.011283205254556103,0.02770354668609798,,,,,,,0.0,0.0,0.0
239,17.924,0.0,0.0,0.0,0.0,0.0,0.0,-0.05,,,,,,,0.0,0.0,0.0,-0.021472245683486886,0.011283205254556103,0.02770354668609798,,,,,,,,,
240,17.934,0.0,0.0,0.0,0.0,0.0,0.0,-0.05,,,,,,,0.0,0.0,0.0,-0.021472245683486886,0.011283205254556103,0.02770354668609798,,,,,,,,,
241,17.958,0.0,0.0,0.0,0.0,0.0,0.0,-0.05,,,,,,,0.0,0.0,0.0,-0.021472245683486886,0.011283205254556103,0.02770354668609798,,,,,,,0.0,0.0,0.0
242,17.967,0.0,0.0,0.0,0.0,0.0,0.0,-0.05,,,,,,,0.0,0.0,0.0,-0.021472245683486886,0.011283205254556103,0.02770354668609798,,,,,,,0.0,0.0,0.0
243,17.977,0.0,0.0,0.0,0.0,0.0,0.0,-0.05,,,,,,,0.0,0.0,0.0,-0.021472245683486886,0.011283205254556103,0.02770354668609798,,,,,,,0.0,0.0,0.0
244,17.987,0.0,0.0,0.0,0.0,0.0,0.0,-0.05,,,,,,,0.0,0.0,0.0,-0.021472245683486886,0.011283205254556103,0.02770354668609798,,,,,,,0.0,0.0,0.0
245,17.997,0.0,0.0,0.0,0.0,0.0,0.0,-0.05,,,,,,,0.0,0.0,0.0,-0.021472245683486886,0.011283205254556103,0.02770354668609798,,,,,,,0.0,0.0,0.0
246,18.007,0.0,0.0,0.0,0.0,0.0,0.0,-0.05,,,,,,,0.0,0.0,0.0,-0.021472245683486886,0.011283205254556103,0.02770354668609798,,,,,,,0.0,0.0,0.0
247,18.017,0.0,0.0,0.0,0.0,0.0,0.0,-0.05,,,,,,,0.0,0.0,0.0,-0.021472245683486886,0.011283205254556103,0.02770354668609798,,,,,,,0.0,0.0,0.0
248,18.028,0.0,0.0,0.0,0.0,0.0,0.0,-0.05,,,,,,,0.0,0.0,0.0,-0.021472245683486886,0.011283205254556103,0.02770354668609798,,,,,,,0.0,0.0,0.0
249,18.037,0.0,0.0,0.0,0.0,0.0,0.0,-0.05,,,,,,,0.0,0.0,0.0,-0.021472245683486886,0.011283205254556103,0.02770354668609798,,,,,,,0.0,0.0,0.0
250,18.047,0.0,0.0,0.0,0.0,0.0,0.0,-0.05,,,,,,,0.0,0.0,0.0,-0.021472245683486886,0.011283205254556103,0.02770354668609798,,,,,,,0.0,0.0,0.0
251,18.069,0.0,0.0,0.0,0.0,0.0,0.0,-0.05,,,,,,,0.0,0.0,0.0,-0.021472245683486886,0.011283205254556103,0.02770354668609798,,,,,,,0.0,0.0,0.0
252,18.079,0.0,0.0,0.0,0.0,0.0,0.0,-0.05,,,,,,,0.0,0.0,0.0,-0.021472245683486886,0.011283205254556103,0.02770354668609798,,,,,,,0.0,0.0,0.0
253,18.09,0.0,0.0,0.0,0.0,0.0,0.0,-0.05,,,,,,,0.0,0.0,0.0,-0.021472245683486886,0.011283205254556103,0.02770354668609798,,,,,,,0.0,0.0,0.0
254,18.099,0.0,0.0,0.0,0.0,0.0,0.0,-0.05,,,,,,,0.0,0.0,0.0,-0.021472245683486886,0.011283205254556103,0.02770354668609798,,,,,,,0.0,0.0,0.0
255,18.109,0.0,0.0,0.0,0.0,0.0,0.0,-0.05,,,,,,,0.0,0.0,0.0,-0.021472245683486886,0.011283205254556103,0.02770354668609798,,,,,,,0.0,0.0,0.0
256,18.119,0.0,0.0,0.0,0.0,0.0,0.0,-0.05,,,,,,,0.0,0.0,0.0,-0.021472245683486886,0.011283205254556103,0.02770354668609798,,,,,,,0.0,0.0,0.0
257,18.129,0.0,0.0,0.0,0.0,0.0,0.0,-0.05,,,,,,,0.0,0.0,0.0,-0.021472245683486886,0.011283205254556103,0.02770354668609798,,,,,,,0.0,0.0,0.0
258,18.14,0.0,0.0,0.0,0.0,0.0,0.0,-0.05,,,,,,,0.0,0.0,0.0,-0.021472245683486886,0.011283205254556103,0.02770354668609798,,,,,,,0.0,0.0,0.0
259,18.149,0.0,0.0,0.0,0.0,0.0,0.0,-0.05,,,,,,,0.0,0.0,0.0,-0.021472245683486886,0.011283205254556103,0.02770354668609798,,,,,,,0.0,0.0,0.0
260,18.16,0.0,0.0,0.0,0.0,0.0,0.0,-0.05,,,,,,,0.0,0.0,0.0,-0.021472245683486886,0.011283205254556103,0.02770354668609798,,,,,,,0.0,0.0,0.0
261,18.184,0.0,0.0,0.0,0.0,0.0,0.0,-0.05,,,,,,,0.0,0.0,0.0,-0.021472245683486886,0.011283205254556103,0.02770354668609798,,,,,,,0.0,0.0,0.0
262,18.195,0.0,0.0,0.0,0.0,0.0,0.0,-0.05,,,,,,,0.0,0.0,0.0,-0.021472245683486886,0.011283205254556103,0.02770354668609798,,,,,,,0.0,0.0,0.0
263,18.205,0.0,0.0,0.0,0.0,0.0,0.0,-0.05,,,,,,,0.0,0.0,0.0,-0.021472245683486886,0.011283205254556103,0.02770354668609798,,,,,,,,,
264,18.215,0.0,0.0,0.0,0.0,0.0,0.0,-0.05,,,,,,,0.0,0.0,0.0,-0.021472245683486886,0.011283205254556103,0.02770354668609798,,,,,,,,,
265,18.224,0.0,0.0,0.0,0.0,0.0,0.0,-0.05,,,,,,,0.0,0.0,0.0,-0.021472245683486886,0.011283205254556103,0.02770354668609798,,,,,,,0.0,0.0,0.0
266,18.234,0.0,0.0,0.0,0.0,0.0,0.0,-0.05,,,,,,,0.0,0.0,0.0,-0.021472245683486886,0.011283205254556103,0.02770354668609798,,,,,,,0.0,0.0,0.0
267,18.245,0.0,0.0,0.0,0.0,0.0,0.0,-0.05,,,,,,,0.0,0.0,0.0,-0.021472245683486886,0.011283205254556103,0.02770354668609798,,,,,,,0.0,0.0,0.0
268,18.255,0.0,0.0,0.0,0.0,0.0,0.0,-0.05,,,,,,,0.0,0.0,0.0,-0.021472245683486886,0.011283205254556103,0.02770354668609798,,,,,,,0.0,0.0,0.0
269,18.266,0.0,0.0,0.0,0.0,0.0,0.0,-0.05,,,,,,,0.0,0.0,0.0,-0.021472245683486886,0.011283205254556103,0.02770354668609798,,,,,,,,,
270,18.275,0.0,0.0,0.0,0.0,0.0,0.0,-0.05,,,,,,,0.0,0.0,0.0,-0.021472245683486886,0.011283205254556103,0.02770354668609798,,,,,,,,,
