,time,gait,r,p,y,x,yy,z,wx,wy,wz,vx,vy,vz
0,1627302536.8459122,0.0,0.0,0.0,0.0,0.0,0.0,0.0,0.0,0.0,0.0,0.0,0.0,0.0
1,1627302536.8860707,0.0,0.022179048508405685,0.009205074980854988,-1.6299307346343994,1.6997229102463929e-06,3.418574367267113e-07,0.12608268371084969,0.004980217199772596,-0.006135294213891029,0.00025768758496269584,0.000620564124787697,0.00014719168879666618,0.0005435561506172895
2,1627302536.8956745,0.0,0.02216826006770134,0.00916835106909275,-1.6299408674240112,1.1013377540919356e-06,6.468460661056968e-06,0.12608422028462785,-0.005672427359968424,-0.004004765301942825,-0.0029381057247519493,-1.6021622119320343e-06,0.0006484408873079116,0.00019582453124695651
3,1627302536.9085195,0.0,0.022167976945638657,0.009187097661197186,-1.6299569606781006,-3.525255940703409e-07,2.6365734947519925e-06,0.1260847171573231,-0.002476633759215474,-0.004004765301942825,-0.0029381057247519493,-0.00034429221916333646,0.00026827300540106374,0.00016250201015935906
4,1627302536.9179864,0.0,0.022181235253810883,0.009161226451396942,-1.6299593448638916,3.524142704325328e-07,5.782357095602403e-06,0.12608487083046405,-0.0014113693032413721,-0.0029395006131380796,0.002388216555118561,-0.0002835519584102581,0.0002500106179520476,0.00026050079328985453
5,1627302536.9259696,0.0,0.022155163809657097,0.009164271876215935,-1.6299716234207153,2.582472372385236e-06,6.362779438731647e-06,0.1260805136133354,-0.000346104905474931,0.0023868216667324305,0.00025768758496269584,1.543221642394699e-05,0.0003225347122141793,-6.912356052210572e-05
6,1627302536.9358666,0.0,0.022170571610331535,0.009169761091470718,-1.6299573183059692,1.8402827587360449e-06,7.380290361586744e-06,0.1260812450873212,-0.000346104905474931,-0.004004765301942825,-0.0029381057247519493,7.34571385746914e-05,3.344739769699097e-05,-0.00017556067889181387
7,1627302536.9456985,0.0,0.02217208780348301,0.009220194071531296,-1.6299418210983276,2.0403090272846924e-07,-1.7575895023581867e-06,0.12608064090959437,0.001784424064680934,0.007713143713772297,0.004518745467066765,-2.7507696471295e-05,-0.0003670496227372434,-3.8078428226839036e-05
8,1627302536.9595528,0.0,0.022179147228598595,0.009164653718471527,-1.6299800872802734,1.5258760917152836e-06,5.327535823732021e-06,0.12608303080152716,0.002849688520655036,-0.009331087581813335,-0.004003370180726051,-6.721139205325125e-05,-0.0002932613114485136,6.485105930171262e-05
9,1627302536.9677565,0.0,0.022188078612089157,0.009151057340204716,-1.6299391984939575,-1.551637680077822e-07,8.730639812378621e-06,0.1260844498655958,0.003914952743798494,0.0023868216667324305,0.0013229520991444588,-0.00013220709383559784,0.00029223068390380965,0.0002924261785305841
10,1627302536.975948,0.0,0.02219574898481369,0.009154818020761013,-1.6299549341201782,-2.2997964548507333e-06,7.87336979654954e-06,0.12608042950964432,0.000719159550499171,-0.0008089717011898756,0.00025768758496269584,-0.00022495595159454176,-1.6887121164451562e-05,0.00021427531074037412
11,1627302536.9887838,0.0,0.022199703380465508,0.009160568006336689,-1.629941701889038,-1.7590358939861828e-06,6.411032746643508e-06,0.1260834162255402,0.001784424064680934,-0.006135294213891029,0.00025768758496269584,-0.00023197498932204082,-0.0002468218059811752,-2.8239899453726897e-05
12,1627302536.998965,0.0,0.022199027240276337,0.009176082909107208,-1.6299378871917725,-4.1311738236127216e-06,2.681593594257986e-06,0.1260859179038039,-0.002476633759215474,0.005582614801824093,-0.0029381057247519493,-0.0002061368691680771,-0.00010105596044649447,-1.9394156419225958e-05
13,1627302537.006514,0.0,0.022174986079335213,0.009146088734269142,-1.6299488544464111,1.346695618284488e-06,7.744958415403097e-06,0.12608493324222342,-0.000346104905474931,0.0013215572107583284,-0.0029381057247519493,0.00026552441175337115,0.00025350970748147023,-2.0697477654874033e-05
14,1627302537.0159717,0.0,0.022187549620866776,0.009142122231423855,-1.629960536956787,-1.3251931296129338e-06,6.8931695761075e-06,0.126081152546996,0.006045481655746698,-0.006135294213891029,-0.0008075768710114062,0.0002544182453329302,0.00034625585948200977,-0.0001649840207049738
15,1627302537.025892,0.0,0.022189708426594734,0.009159868583083153,-1.629955768585205,-1.5618455439028733e-06,7.746450101337593e-06,0.12608132247804915,-0.004607162903994322,-0.005070029757916927,0.00025768758496269584,-0.00015410454904341277,1.4876750388693936e-06,-0.00023809704451521028
16,1627302537.0357456,0.0,0.022183150053024292,0.009138692170381546,-1.6299676895141602,1.8502211871634922e-07,7.3454703915093456e-06,0.12608271879695446,-0.000346104905474931,-0.004004765301942825,0.006649274379014969,4.53328319956018e-05,2.4619389837643658e-05,-7.104109897809009e-05
17,1627302537.0464575,0.0,0.022168735042214394,0.00914429035037756,-1.62994384765625,1.3478196736749215e-06,8.601348572608719e-06,0.12608038649627615,-0.003541898215189576,-0.0029395006131380796,0.0013229520991444588,0.00012437967559307607,6.740522751373357e-05,1.898599567512992e-05
18,1627302537.0563717,0.0,0.02216409333050251,0.009139349684119225,-1.6299351453781128,3.0178891303467292e-06,1.0127501963472924e-05,0.12608317164492008,0.003914952743798494,-0.005070029757916927,0.005584009923040867,0.00015682672976237707,2.913356478151862e-05,4.6856000066300894e-05
19,1627302537.0657153,0.0,0.02216942608356476,0.00911324005573988,-1.6299536228179932,2.348877547582451e-06,1.191673678926572e-05,0.12608182522557904,0.003914952743798494,-0.0018742361571639776,-0.0018728412687778473,5.455969576686628e-05,0.00018132236427047688,2.8395596257539902e-05
20,1627302537.0757043,0.0,0.022177575156092644,0.009092598222196102,-1.6299655437469482,-8.572499654926902e-07,1.4214431305264313e-05,0.1260818498521855,-0.002476633759215474,0.0002562927547842264,0.0013229520991444588,-0.00017470424119073316,0.00033723007141083286,5.420323927150609e-06
21,1627302537.086462,0.0,0.02216373011469841,0.00906411837786436,-1.6299786567687988,3.3033178023639254e-06,1.871338562184008e-05,0.12608077905563364,-0.0014113693032413721,-0.010396352037787437,0.0013229520991444588,-3.913924873786366e-05,0.0002794095868682124,-3.9661283270082696e-05
22,1627302537.0957391,0.0,0.022180696949362755,0.009043840691447258,-1.6299595832824707,1.2726089369322069e-06,1.8998703486969304e-05,0.12608346640985807,0.000719159550499171,-0.010396352037787437,-0.0008075768710114062,-3.8227994999076646e-05,0.0003089936251590536,0.00011384069042594421
23,1627302537.1059103,0.0,0.022209051996469498,0.009069926105439663,-1.6299448013305664,-3.5591133967227684e-06,1.670909585047356e-05,0.12608528907682484,0.0071107461117208,0.0013215572107583284,0.014106125570833683,-0.0003124549618081447,6.073403086908177e-05,0.00022325871204277768
24,1627302537.1159387,0.0,0.022222371771931648,0.009098450653254986,-1.6299331188201904,-3.0603463314557433e-06,1.4533675161333692e-05,0.12608406387331994,0.001784424064680934,-0.0008089717011898756,0.006649274379014969,-0.0003025619417383139,-0.0002717076720064695,-3.622393834934636e-07
25,1627302537.1256857,0.0,0.022212786599993706,0.009104765020310879,-1.6299328804016113,-3.005953890904134e-06,1.3776621737945915e-05,0.1260839915643664,-0.002476633759215474,-0.008265823125839233,-0.0018728412687778473,-5.715184236261334e-05,-0.0002210143732201041,-3.6872369283152914e-05
26,1627302537.1359518,0.0,0.022194942459464073,0.009139800444245338,-1.6299350261688232,-3.1135073600557783e-06,7.206439773709689e-06,0.12608146171159773,-0.000346104905474931,-0.004004765301942825,-0.005068634636700153,4.7173135520007594e-05,-0.0002730328192656321,-0.000150853310620149
27,1627302537.1460276,0.0,0.022184377536177635,0.009159315377473831,-1.6299397945404053,-8.887557821427028e-07,4.738569118742375e-06,0.1260828309766261,0.004980217199772596,-0.005070029757916927,0.004518745467066765,0.0001955672577073918,-0.00030023454594289877,-0.0001212724383638542
28,1627302537.1560152,0.0,0.022183405235409737,0.009173507802188396,-1.6299200057983398,3.689635784676071e-07,4.914941820907681e-06,0.12608312162069057,0.003914952743798494,-0.0018742361571639776,0.002388216555118561,0.0002092015448395512,-0.00011183032477047571,7.021597846484042e-05
29,1627302537.1656435,0.0,0.022190123796463013,0.009202717803418636,-1.6299030780792236,-1.709496823230905e-06,2.7037935178275685e-07,0.12608409302327706,0.001784424064680934,-0.004004765301942825,0.006649274379014969,-7.759569001313859e-05,-0.00023761339940613055,-1.9070713056574556e-05
30,1627302537.175589,0.0,0.02219943329691887,0.009199266321957111,-1.6299006938934326,-1.417928357956566e-06,1.8861086728966248e-06,0.1260788075702664,-0.005672427359968424,0.0013215572107583284,0.008779803290963173,-0.00019859302460575073,-0.00010840638522556509,-0.00014431377511180544
31,1627302537.1861036,0.0,0.022171638906002045,0.009167423471808434,-1.6299159526824951,8.606145316530922e-07,5.67385296431841e-06,0.12608318890204467,-0.000346104905474931,-0.004004765301942825,0.0013229520991444588,0.00017580390471485063,0.0001364753550736399,-0.00011387332174904533
32,1627302537.195661,0.0,0.022173188626766205,0.009225504472851753,-1.6299068927764893,2.4281711337448275e-07,-2.384974834932635e-06,0.1260829953095041,0.001784424064680934,-0.0018742361571639776,0.002388216555118561,0.00026334876446083974,-0.00023926869998414945,5.36286790500213e-06
33,1627302537.2057729,0.0,0.022173067554831505,0.00923204980790615,-1.6299020051956177,3.248928566249032e-07,-2.3123128977849128e-06,0.12608266040699717,-0.0014113693032413721,-0.0008089717011898756,0.002388216555118561,-1.1688230295492803e-05,-0.0004153912767520462,-7.538537481571694e-05
34,1627302537.2157931,0.0,0.02220168523490429,0.0092131607234478,-1.6298924684524536,-3.1934293106480882e-06,-9.51510916294418e-07,0.1260823941515387,0.001784424064680934,-0.005070029757916927,0.00025768758496269584,-0.00018776103767374929,3.1253949489796292e-06,-4.5335709521561464e-05
35,1627302537.2255893,0.0,0.022203536704182625,0.009218920022249222,-1.629888653755188,-3.1900498530315624e-06,-8.948414851467357e-07,0.12608151916084073,-0.000346104905474931,-0.005070029757916927,0.00025768758496269584,-0.0001186690625998033,0.00012984468184866396,-2.001388731763701e-06
36,1627302537.235577,0.0,0.02222014032304287,0.009227992035448551,-1.6298859119415283,-6.533077554951583e-06,-2.7815395361591166e-06,0.12608089465005415,0.003914952743798494,0.0002562927547842264,0.011975596658885479,-0.00013979927534159538,2.7002388135178616e-05,-2.769539786846302e-05
37,1627302537.2457864,0.0,0.022215241566300392,0.009203075431287289,-1.6298913955688477,-3.649488808148138e-06,2.2950103903754404e-07,0.12608251017955013,0.000719159550499171,-0.007200558669865131,-0.006133899092674255,-9.91853653021036e-05,4.50910288548307e-05,2.117780061201274e-05
38,1627302537.255876,0.0,0.02221330814063549,0.00922576617449522,-1.6298542022705078,-2.028969638807887e-06,-1.0205111680011703e-06,0.12608121324080773,0.001784424064680934,-0.0018742361571639776,-0.0008075768710114062,0.00015007994004258553,0.00013787031460913064,7.251630159982737e-05
39,1627302537.2656434,0.0,0.022221429273486137,0.009267183020710945,-1.6298539638519287,-5.49545132218221e-06,-6.59307329496997e-06,0.1260790990208115,-0.0014113693032413721,0.0023868216667324305,0.0013229520991444588,-0.00010527066092359608,-0.000198901288119161,-4.872299711899511e-05
40,1627302537.2757657,0.0,0.022235816344618797,0.009270587004721165,-1.6298493146896362,-7.340334605795973e-06,-6.589581532035621e-06,0.1260816891889965,0.000719159550499171,-0.0029395006131380796,0.003453481011092663,-0.0003209170618332122,-0.0003069533595717134,-6.632865973630527e-05
41,1627302537.2858033,0.0,0.022239023819565773,0.0092910286039114,-1.6298677921295166,-8.018746893691253e-06,-6.467346642752281e-06,0.12608515510502197,0.000719159550499171,-0.0029395006131380796,0.00025768758496269584,-0.00020193224688240733,-0.00013546086843369942,9.054130138149101e-05
42,1627302537.295618,0.0,0.02221178263425827,0.00927853025496006,-1.6298741102218628,-4.678402289876038e-06,-9.127347540143632e-06,0.12608024475692914,0.002849688520655036,-0.010396352037787437,-0.0008075768710114062,0.00013073967327095182,-0.0002111718017344056,-0.0001336992977329451
43,1627302537.3059611,0.0,0.022221922874450684,0.009280695579946041,-1.6298632621765137,-6.005870820162407e-06,-1.0359390610645974e-05,0.12608305650089152,-0.002476633759215474,0.0034520861227065325,0.004518745467066765,7.579593700729572e-05,-0.00011031074654638528,-0.00011887706853023072
44,1627302537.3161664,0.0,0.02223573625087738,0.009289171546697617,-1.629876732826233,-6.623476222815394e-06,-7.68733569057184e-06,0.12608378227478925,0.001784424064680934,0.006647879257798195,0.002388216555118561,-0.00017276188352301376,0.00016259607484174265,0.00012198699916496967
45,1627302537.3257957,0.0,0.022244680672883987,0.009302387945353985,-1.6298654079437256,-7.815978130952528e-06,-1.031807089367856e-05,0.12608267228861178,0.000719159550499171,-0.004004765301942825,0.005584009923040867,-0.00013137386639538502,-5.577562659540501e-05,-7.48300541542554e-05
46,1627302537.335794,0.0,0.02224029041826725,0.00931914709508419,-1.629874348640442,-9.5028110442541e-06,-1.1906001412983341e-05,0.12608000748400477,-0.0014113693032413721,0.0002562927547842264,0.003453481011092663,-0.00011982814673850941,-0.00020279529107942914,-0.00016117282577258633
47,1627302537.3455734,0.0,0.02223254181444645,0.009318022057414055,-1.6298857927322388,-7.56345178824086e-06,-1.16328883709646e-05,0.1260811537852744,-0.0014113693032413721,-0.007200558669865131,0.002388216555118561,7.506312834453744e-05,-0.00013884119948995844,2.9191037472421693e-05
48,1627302537.3555548,0.0,0.022255074232816696,0.009288004599511623,-1.629870057106018,-1.0105536683353844e-05,-8.97534473453046e-06,0.12608092992020903,0.006045481655746698,-0.007200558669865131,0.0013229520991444588,7.437295587930972e-06,0.00012093702468573066,0.00013484737721061033
49,1627302537.365751,0.0,0.02225521206855774,0.00928010419011116,-1.629847526550293,-9.95830895816896e-06,-7.1003059075244734e-06,0.1260830950903696,-0.002476633759215474,-0.0018742361571639776,0.00025768758496269584,-0.0001308932126974371,0.00032366825958602156,7.906588226276026e-05
50,1627302537.375589,0.0,0.02227681875228882,0.009293553419411182,-1.6298469305038452,-1.2772835836317997e-05,-1.0189416530876488e-05,0.12608250748542582,0.001784424064680934,-0.005070029757916927,-0.0018728412687778473,-0.00010318764602740468,2.86293037023741e-05,6.79355929684373e-05
51,1627302537.3865802,0.0,0.022285450249910355,0.009280235506594181,-1.6298394203186035,-1.2673956106892814e-05,-9.257415360848509e-06,0.1260840405828392,0.000719159550499171,-0.0008089717011898756,-0.004003370180726051,-0.0001375193952945746,-0.0002271751361299726,5.15500560235702e-05
52,1627302537.3959455,0.0,0.022293947637081146,0.009236489422619343,-1.629884958267212,-1.370764376387723e-05,-2.49717083019782e-06,0.12608409135907175,0.002849688520655036,-0.005070029757916927,0.002388216555118561,-9.754137877497222e-05,0.00017936695166359542,0.00022125480638345406
53,1627302537.4055724,0.0,0.02230142056941986,0.009277358651161194,-1.6298826932907104,-1.5861206296881314e-05,-4.796402587735338e-06,0.12608328340676733,0.001784424064680934,-0.006135294213891029,-0.0029381057247519493,-0.00017720493947502756,6.347243293622534e-05,0.0001394084709047628
54,1627302537.415576,0.0,0.02231840416789055,0.009292416274547577,-1.6298563480377197,-1.6911141367752236e-05,-7.221355235904892e-06,0.1260845526162197,0.001784424064680934,-0.0008089717011898756,0.002388216555118561,-0.00018877673348118728,-0.00020629475456328486,-3.7366734058036016e-05
55,1627302537.4256568,0.0,0.022300347685813904,0.009302692487835884,-1.6298730373382568,-1.3802344882435369e-05,-1.0100784919916256e-05,0.12608312500953522,0.003914952743798494,0.005582614801824093,0.00025768758496269584,-4.1082925289865496e-06,-8.551325192638151e-05,-5.032065297482563e-05
56,1627302537.4357507,0.0,0.022328827530145645,0.00929731409996748,-1.6298578977584839,-1.7079974346738414e-05,-7.659692469637325e-06,0.12608143156625476,0.006045481655746698,-0.008265823125839233,0.00025768758496269584,-8.588538854774588e-05,-0.00014611091473054714,-8.42636487993011e-05
57,1627302537.4455795,0.0,0.022340742871165276,0.00930959451943636,-1.6298497915267944,-2.0899086527588484e-05,-1.0325729569299336e-05,0.12608374367919897,0.003914952743798494,-0.009331087581813335,-0.0018728412687778473,-0.0002932093521817483,-2.0962670723595042e-05,-7.248239092184595e-07
58,1627302537.455605,0.0,0.022336570546030998,0.009315269999206066,-1.629841923713684,-2.0419429369422648e-05,-1.148923640723748e-05,0.12608566863630521,-0.000346104905474931,0.0013215572107583284,0.002388216555118561,-0.00013458062576791557,-1.1443834459773905e-05,0.0001791884049675331
59,1627302537.465655,0.0,0.02229996956884861,0.009357779286801815,-1.6298322677612305,-1.4868975789179839e-05,-1.659633187963902e-05,0.12608279504065575,0.000719159550499171,0.0013215572107583284,0.008779803290963173,0.0002532802997534467,-0.00021909039345370158,-9.556078462925199e-05
60,1627302537.4757094,0.0,0.022289222106337547,0.009372253902256489,-1.629873514175415,-1.5044678068856787e-05,-1.7642750126837387e-05,0.12608375723562212,-0.0014113693032413721,-0.004004765301942825,-0.004003370180726051,0.000238066203467875,-0.00036435579480657544,-0.00017326510726652596
61,1627302537.485787,0.0,0.022291256114840508,0.009377519600093365,-1.6298822164535522,-1.5391758788202425e-05,-1.970674968910721e-05,0.12608100169310982,0.006045481655746698,-0.0008089717011898756,0.00025768758496269584,-8.72176083702668e-05,-4.336414039983934e-06,-0.00013706668732666458
62,1627302537.4956408,0.0,0.022302471101284027,0.009431976824998856,-1.6298840045928955,-1.732329490643225e-05,-2.712097876146971e-05,0.12608185857422216,0.000719159550499171,-0.0018742361571639776,0.006649274379014969,-0.00017209808978733605,-0.00030760304254279046,-0.00020706722971922692
63,1627302537.5057635,0.0,0.022295460104942322,0.009449757635593414,-1.6298972368240356,-1.5592417890980537e-05,-3.0396072212623276e-05,0.12607958787025364,0.001784424064680934,-0.005070029757916927,0.003453481011092663,-0.00010818975603692141,-0.0005476876546662637,-6.130411277762629e-05
64,1627302537.5157182,0.0,0.022278228774666786,0.009474166668951511,-1.6299113035202026,-1.3784427363119911e-05,-3.2995629418278855e-05,0.1260832141331293,-0.0014113693032413721,0.0034520861227065325,0.00025768758496269584,0.00014526421486882552,-0.00016832168013309443,3.268622619633947e-05
65,1627302537.5257282,0.0,0.02226523496210575,0.009517107158899307,-1.629897117614746,-1.1322545090078351e-05,-3.8307170869146534e-05,0.12608260642645244,0.000719159550499171,-0.007200558669865131,0.00025768758496269584,0.0002108076615835988,-0.00036961961443665706,0.00011614444444287682
66,1627302537.5365243,0.0,0.02226428873836994,0.009491736069321632,-1.6299221515655518,-1.3149081627528147e-05,-3.56519147578227e-05,0.12607774007065853,0.000719159550499171,-0.0018742361571639776,-0.0029381057247519493,5.1587900288370205e-06,-0.0001178913214380064,-0.0001403572652346912
67,1627302537.5457628,0.0,0.02226649411022663,0.009469965472817421,-1.6299360990524292,-1.4565664416578417e-05,-3.191771005285962e-05,0.12608171501493878,-0.000346104905474931,-0.005070029757916927,0.003453481011092663,-0.00011865438623530347,0.0003507664119537113,4.645497374019218e-05
68,1627302537.5556924,0.0,0.022252969443798065,0.009484640322625637,-1.6299418210983276,-1.088422910645176e-05,-3.5574227956962357e-05,0.12607887046430455,-0.008868220262229443,0.0023868216667324305,0.002388216555118561,8.489102907090798e-05,6.833892787695203e-05,0.00010273392678575305
69,1627302537.5656412,0.0,0.02221253328025341,0.009477958083152771,-1.6299481391906738,-6.745936025946697e-06,-3.233202728713386e-05,0.12607928228972082,0.002849688520655036,-0.0008089717011898756,0.005584009923040867,0.0003859663344706174,1.1561431388244689e-05,-0.00011322771186019555
70,1627302537.5755982,0.0,0.022242261096835136,0.009509964846074581,-1.6299288272857666,-9.52098848774896e-06,-3.8921018946144054e-05,0.1260769845873678,0.001784424064680934,0.0013215572107583284,-0.0008075768710114062,0.00015824042622535222,-0.0001296605606045476,-0.00015528514940107527
71,1627302537.5880296,0.0,0.02220899984240532,0.009520587511360645,-1.62996244430542,-5.882742877515168e-06,-3.9204118179998054e-05,0.12608087315489372,-0.006737691815942526,0.0023868216667324305,-0.005068634636700153,-2.0966517047869037e-05,-0.0002736122363311129,4.6509498297554564e-05
72,1627302537.5957344,0.0,0.022212306037545204,0.009532121941447258,-1.6299588680267334,-6.076039073099615e-06,-3.802581527289836e-05,0.12607859592018045,0.000719159550499171,-0.0018742361571639776,-0.0008075768710114062,9.612670665291027e-05,5.226081411130447e-05,-0.00010054592771838309
73,1627302537.6057816,0.0,0.02220999076962471,0.009503557346761227,-1.6299421787261963,-5.708446043556359e-06,-3.808908944008538e-05,0.12607990645354478,-0.000346104905474931,0.005582614801824093,0.009845067746937275,1.6356809179937188e-05,0.00013075676330236193,-0.0002473760577153891
74,1627302537.6160624,0.0,0.022197825834155083,0.009517579339444637,-1.6299716234207153,-3.4836687915762443e-06,-3.998300459618839e-05,0.12608017448448605,-0.000346104905474931,-0.0029395006131380796,0.00025768758496269584,0.00011481599081782879,-9.375227723725925e-06,6.123257243805475e-05
75,1627302537.6257584,0.0,0.022189756855368614,0.009507530368864536,-1.6299598217010498,-3.3746880815782587e-06,-3.8695198854986346e-05,0.12608138044642364,-0.000346104905474931,0.0013215572107583284,-0.0008075768710114062,0.00010530218443904167,1.4907875382261755e-06,1.6356247966755836e-05
76,1627302537.6360698,0.0,0.02218489721417427,0.009528875350952148,-1.6299805641174316,-4.17288498896079e-06,-4.082469208734063e-05,0.12608225564597186,-0.0014113693032413721,0.005582614801824093,-0.004003370180726051,1.1004141795347423e-05,-3.414597365094136e-05,2.5420455211155646e-05
77,1627302537.6459079,0.0,0.022173233330249786,0.009531193412840366,-1.629979133605957,-2.5398840930584976e-06,-4.268459253228829e-05,0.12607792388767075,-0.0014113693032413721,-0.0008089717011898756,0.002388216555118561,7.874790230887765e-06,-0.00015494722354017805,-0.00010806498407466995
78,1627302537.6556187,0.0,0.022175824269652367,0.009545043110847473,-1.6299751996994019,-2.943204467829863e-06,-4.1762623249352177e-05,0.12607901566549007,0.0071107461117208,-0.012526880018413067,0.00025768758496269584,0.0001120797741541443,-0.00015587673370010062,-0.00010726139132344952
79,1627302537.6908991,0.0,0.022184496745467186,0.009477557614445686,-1.630037546157837,-3.997093105313765e-06,-3.231862485660736e-05,0.1260792539547856,-0.000346104905474931,0.0034520861227065325,0.00025768758496269584,2.2850199478618404e-05,0.00021077307775888048,1.4122049192760081e-05
80,1627302537.7238975,0.0,0.022214867174625397,0.009489070624113083,-1.6300537586212158,-7.1536501203769975e-06,-3.618377640574738e-05,0.12608117089276732,-0.003541898215189576,-0.0018742361571639776,-0.0008075768710114062,-6.195678807436335e-05,0.00020593600728124696,2.0086243107097225e-05
81,1627302537.776375,0.0,0.02227255515754223,0.009453448466956615,-1.630082368850708,-1.4389457313537801e-05,-3.164542702930109e-05,0.12608168120233454,0.006045481655746698,0.0013215572107583284,0.0013229520991444588,-0.00021446336388739363,0.00013038006325253985,3.848558389847087e-06
82,1627302537.7984288,0.0,0.022263118997216225,0.009526289999485016,-1.6301220655441284,-1.642716410334144e-05,-4.241903096522531e-05,0.1260821339762333,-0.0014113693032413721,0.0023868216667324305,0.00025768758496269584,-0.00021952173644257056,-0.0001534444574314972,2.336603647078568e-05
83,1627302537.8084214,0.0,0.02226521633565426,0.009504929184913635,-1.6301229000091553,-1.3151966376141744e-05,-3.858465854645818e-05,0.12607978810372217,0.003914952743798494,-0.01146161649376154,0.003453481011092663,8.922953802042068e-05,-0.00024310905425936114,-0.00013949931326089917
84,1627302537.8174534,0.0,0.022276079282164574,0.009495588019490242,-1.6301302909851074,-1.6840974448033286e-05,-3.963384902979511e-05,0.1260818049747199,-0.003541898215189576,-0.0029395006131380796,0.00025768758496269584,-7.609072832402647e-05,0.00016277885665376174,-4.4642888518466854e-05
85,1627302537.8267248,0.0,0.02228541672229767,0.009460533037781715,-1.6301285028457642,-1.757312751114043e-05,-3.247018041335065e-05,0.12608189886560817,0.002849688520655036,0.0013215572107583284,0.004518745467066765,-0.000282316837655859,0.0003112896652175505,0.00010093205889258414
86,1627302537.837335,0.0,0.022278109565377235,0.00943753495812416,-1.6301403045654297,-1.764724422349817e-05,-3.0562834596445376e-05,0.12607998172777268,0.000719159550499171,-0.005070029757916927,-0.007199163548648357,-1.1166124007940853e-05,0.00048097604152868206,-7.93618871868337e-05
87,1627302537.847047,0.0,0.022276004776358604,0.009437205269932747,-1.630153775215149,-1.6607350455714875e-05,-3.251722870345475e-05,0.12608229713486918,-0.003541898215189576,0.0023868216667324305,0.003453481011092663,0.00012826447474626504,0.00020082812531100624,2.812112139497642e-05
88,1627302537.8566716,0.0,0.02227347157895565,0.00943553727120161,-1.630169153213501,-1.50575892101934e-05,-2.8818036326556246e-05,0.1260812611883794,0.006045481655746698,-0.0029395006131380796,0.002388216555118561,8.07312279282529e-05,7.70021262616408e-05,0.00012454945742633732
89,1627302537.8665717,0.0,0.022287510335445404,0.009434311650693417,-1.6301484107971191,-1.7820631775682105e-05,-2.935020205321534e-05,0.12608214178907085,0.001784424064680934,-0.007200558669865131,0.002388216555118561,-8.63003357002556e-05,0.0001403114750022431,-6.5001350474727846e-06
90,1627302537.8766327,0.0,0.022299645468592644,0.009397290647029877,-1.630152940750122,-1.701555751099093e-05,-2.6205435548026096e-05,0.1260816106391158,0.001784424064680934,-0.0018742361571639776,0.002388216555118561,-0.00011211941711587564,0.00025230783108327914,4.425755777770677e-05
91,1627302537.8866913,0.0,0.022295597940683365,0.009393025189638138,-1.6301653385162354,-1.8563681559134737e-05,-2.3226479433136743e-05,0.1260819866546102,0.002849688520655036,0.0023868216667324305,0.004518745467066765,8.127492880004601e-05,0.0005558800910709036,3.6975455128915496e-05
92,1627302537.8965504,0.0,0.022303542122244835,0.009386491030454636,-1.6301523447036743,-2.0552451144274786e-05,-2.329482092919624e-05,0.12608113309979802,-0.003541898215189576,0.0013215572107583284,0.002388216555118561,2.5536937708476762e-05,0.0003213170708364658,1.8845228861331006e-05
93,1627302537.906744,0.0,0.02233237400650978,0.009404941461980343,-1.6301543712615967,-2.330199580911213e-05,-2.6970957852440886e-05,0.1260804858369645,-0.002476633759215474,-0.006135294213891029,-0.0029381057247519493,-0.0002529721427379869,-3.344192987486514e-05,3.774471758215023e-05
94,1627302537.9167333,0.0,0.0223536416888237,0.009382504969835281,-1.630156397819519,-2.5714263027859507e-05,-2.138573065961144e-05,0.12608267574345286,0.006045481655746698,0.004517350345849991,0.002388216555118561,-0.00019659244845229802,0.00021289126798691713,7.491036430463569e-05
95,1627302537.926553,0.0,0.0223590936511755,0.00939937774091959,-1.6301450729370117,-2.5530123078133793e-05,-2.5751403732784256e-05,0.1260824364252407,0.002849688520655036,0.0034520861227065325,0.002388216555118561,-0.00011197563681567434,0.00010873198646727238,0.00010913477754393251
96,1627302537.9365358,0.0,0.022334450855851173,0.009415696375072002,-1.6301548480987549,-2.3651246813256865e-05,-2.67238212288759e-05,0.12608278444699908,-0.0014113693032413721,-0.004004765301942825,0.003453481011092663,2.393628181011813e-05,-0.0002472555060187489,1.766601334283543e-05
97,1627302537.94659,0.0,0.022331830114126205,0.009434192441403866,-1.6301506757736206,-2.4553313418350375e-05,-2.9183533675286588e-05,0.1260830456068277,-0.0014113693032413721,-0.0018742361571639776,-0.006133899092674255,7.951535578823946e-05,-0.00017764044070769905,-9.989542569726725e-05
98,1627302537.9565814,0.0,0.022334923967719078,0.009467434138059616,-1.6301367282867432,-2.520745642351635e-05,-3.561306780942852e-05,0.12608273143955515,-0.000346104905474931,0.0002562927547842264,0.003453481011092663,-6.186249373325798e-05,-0.0003478057079329301,-5.1283235576152664e-05
99,1627302537.9667535,0.0,0.02231914922595024,0.00944937951862812,-1.630153775215149,-2.089437786470527e-05,-3.110569379566677e-05,0.12608220408276533,-0.002476633759215474,-0.0008089717011898756,0.0013229520991444588,7.866910438882514e-05,-9.809016241322118e-05,8.458905250936675e-06
100,1627302537.9771433,0.0,0.02233058772981167,0.009458682499825954,-1.6301295757293701,-2.3327053617537563e-05,-3.3676218945181274e-05,0.1260812815639573,0.004980217199772596,0.0002562927547842264,0.002388216555118561,0.00015433595330768544,0.00020949449868814355,-7.225409741379116e-05
101,1627302537.989779,0.0,0.022320957854390144,0.009443873539566994,-1.6301391124725342,-2.0852137652786762e-05,-2.9352057024135264e-05,0.12608087019980938,0.004980217199772596,-0.0018742361571639776,0.0013229520991444588,6.156744423968085e-05,-0.00011594443577441654,-0.00011518093912775502
102,1627302537.996682,0.0,0.02233930677175522,0.009435904212296009,-1.6301218271255493,-2.426210412605906e-05,-3.0365796447447135e-05,0.12608532459582264,-0.0014113693032413721,-0.007200558669865131,0.004518745467066765,-0.00014952966971578386,-0.00010386141302424039,9.502433762843018e-05
103,1627302538.0072541,0.0,0.02230241522192955,0.009414181113243103,-1.6301475763320923,-1.8345353918279572e-05,-2.5276018493156083e-05,0.12608192698123072,-0.005672427359968424,0.0013215572107583284,-0.009329692460596561,2.0064639690783372e-05,0.00020302769844452457,0.00011687998335733758
104,1627302538.0169647,0.0,0.022296708077192307,0.009363130666315556,-1.6301387548446655,-1.7294590429102474e-05,-2.0731775337044095e-05,0.12608478954655036,-0.003541898215189576,-0.005070029757916927,0.004518745467066765,0.0003023012590590375,0.0004632105079921236,-4.07452381131414e-05
105,1627302538.0267053,0.0,0.022286493331193924,0.009358893148601055,-1.630113959312439,-1.564674115416692e-05,-1.8065659859102523e-05,0.12608221123042684,-0.000346104905474931,-0.0018742361571639776,0.007714538834989071,0.00014636137105128046,0.0003958293310215768,-4.741800463495118e-05
106,1627302538.0371158,0.0,0.022283034399151802,0.009311005473136902,-1.630146861076355,-1.5245921516332528e-05,-1.547897027299322e-05,0.12608062910856055,0.002849688520655036,-0.01146161649376154,-0.0029381057247519493,0.0001100914620380945,0.0003213992880264154,-0.000184479442541835
107,1627302538.046711,0.0,0.02227170579135418,0.009301097132265568,-1.6301510334014893,-1.376212299962487e-05,-1.2805166982918226e-05,0.1260829799538873,-0.003541898215189576,-0.004004765301942825,0.002388216555118561,7.401915382476023e-05,0.00033362458027313974,2.088093001033447e-05
108,1627302538.057033,0.0,0.02229112945497036,0.009334234520792961,-1.6301755905151367,-1.7795853929310212e-05,-1.8368338495392683e-05,0.12608237419113918,0.002849688520655036,-0.0018742361571639776,0.011975596658885479,-6.187650853908664e-05,-0.00011992720236734194,0.00012400695557070572
109,1627302538.0668929,0.0,0.022288663312792778,0.009327907115221024,-1.6301510334014893,-1.7263787987199797e-05,-1.7416290750839336e-05,0.12608234073337887,0.002849688520655036,-0.004004765301942825,0.002388216555118561,-0.00014698320583950443,-0.00030261782587995013,0.0001444201689897051
110,1627302538.0768847,0.0,0.022292332723736763,0.009353681467473507,-1.6301534175872803,-1.677467663589033e-05,-1.9294540880308853e-05,0.12608275053940252,-0.002476633759215474,0.0002562927547842264,-0.004003370180726051,-3.084228260557759e-05,-0.0001438343683618747,9.096964800608167e-05
111,1627302538.0873206,0.0,0.022305581718683243,0.009334295056760311,-1.6301332712173462,-1.9368784474546596e-05,-1.8090936205014674e-05,0.1260840553906082,0.000719159550499171,-0.0008089717011898756,0.002388216555118561,-0.00014605380367512148,-8.995527256392303e-05,6.303629397604901e-05
112,1627302538.096797,0.0,0.02230142243206501,0.00936583150178194,-1.6301195621490479,-1.8727222354665563e-05,-2.0494189798183488e-05,0.12608120540545992,0.001784424064680934,0.0034520861227065325,0.00025768758496269584,-0.00015367623484272342,-5.526162350210844e-05,-1.484874386893997e-05
113,1627302538.107441,0.0,0.022297516465187073,0.00935704167932272,-1.6301202774047852,-1.942686055424192e-05,-2.0609345962679937e-05,0.12608226676177692,0.000719159550499171,-0.0029395006131380796,0.0013229520991444588,8.874101523319946e-05,-0.0001493273552141997,-0.00019334314526745343
114,1627302538.1168187,0.0,0.022283410653471947,0.0093876076862216,-1.6301045417785645,-1.5573004294902604e-05,-2.3293495547624388e-05,0.12608405292446576,-0.003541898215189576,0.0034520861227065325,0.003453481011092663,0.00016012318057655246,-0.00014304689263388903,5.2293319880881625e-05
115,1627302538.1269896,0.0,0.022276198491454124,0.009407746605575085,-1.6300971508026123,-1.6795809701687647e-05,-2.4298826436279508e-05,0.12608340319744477,-0.000346104905474931,-0.0018742361571639776,0.00025768758496269584,0.00013638958608693048,-0.00015952416539749588,9.813614365612528e-05
116,1627302538.1396368,0.0,0.022266270592808723,0.009405872784554958,-1.6301120519638062,-1.3486178513349989e-05,-2.442882592720852e-05,0.1260830983099785,0.000719159550499171,0.0002562927547842264,-0.00826442800462246,0.00013856209493170467,-0.0001858728986550349,-1.7617282313188497e-05
117,1627302538.1467638,0.0,0.022275978699326515,0.009415450505912304,-1.6301146745681763,-1.4746209576081692e-05,-2.7360174097622314e-05,0.12608047609131476,0.003914952743798494,0.0034520861227065325,-0.0029381057247519493,5.669888878254906e-05,-0.000344740509815594,-3.328166749950386e-05
118,1627302538.1565862,0.0,0.02227739430963993,0.009418314322829247,-1.630129337310791,-1.7431805893634855e-05,-2.8879800969047048e-05,0.12608115178001936,-0.0014113693032413721,-0.0018742361571639776,0.0013229520991444588,-0.0001115402050342128,-0.000142816514346259,0.00010076229781072763
119,1627302538.1691616,0.0,0.022267691791057587,0.009436257183551788,-1.630134105682373,-1.5207156970967195e-05,-3.119079699807209e-05,0.1260795523693034,-0.002476633759215474,0.005582614801824093,-0.0008075768710114062,2.9757671525666986e-05,-5.701249661300119e-05,0.00010505010457678398
120,1627302538.1767552,0.0,0.02226894535124302,0.00946040078997612,-1.6301286220550537,-1.549000659168548e-05,-3.439090653600124e-05,0.12608117091190607,0.002849688520655036,0.005582614801824093,0.007714538834989071,0.00022199776783756158,-0.00017298554329867199,0.00016821353932502527
121,1627302538.1971073,0.0,0.02226839028298855,0.009469116106629372,-1.630139708518982,-1.4520348652652393e-05,-3.385538388447212e-05,0.12607984260148042,-0.002476633759215474,-0.007200558669865131,-0.005068634636700153,0.00014824973430575938,-0.00018029790168626192,0.00014567317088368424
122,1627302538.2090225,0.0,0.02226215787231922,0.009463340044021606,-1.6301535367965698,-1.2689595414616672e-05,-3.3453360032915935e-05,0.1260797637993659,-0.0014113693032413721,0.0034520861227065325,-0.0008075768710114062,0.0001924825708354795,-1.7531748906630739e-06,-4.3022185937478314e-05
123,1627302538.216742,0.0,0.022260146215558052,0.009493189863860607,-1.630144715309143,-1.4893465721400878e-05,-3.717501117054059e-05,0.12608505547125795,0.006045481655746698,0.0013215572107583284,0.004518745467066765,0.0001124062808403827,-0.0001980848657834786,0.00016410303357131418
124,1627302538.2292597,0.0,0.022244246676564217,0.009482706896960735,-1.6301621198654175,-1.2878182118897241e-05,-3.5878253930532455e-05,0.12608224101641072,0.001784424064680934,0.0034520861227065325,0.00025768758496269584,-9.929815577388482e-05,-0.00024760477362017775,0.00013574522020123306
125,1627302538.237341,0.0,0.022243065759539604,0.009470011107623577,-1.6301535367965698,-1.0322559044990964e-05,-3.315772573197345e-05,0.12608219599341747,0.004980217199772596,-0.006135294213891029,0.007714538834989071,5.465192585364848e-05,4.0937949054806204e-05,-0.0001936462815362855
126,1627302538.2462766,0.0,0.022234177216887474,0.009466847404837608,-1.6301212310791016,-1.0005400913989937e-05,-3.380178917553045e-05,0.1260815971915385,-0.007802956271916628,0.0002562927547842264,0.008779803290963173,5.998690757355776e-05,-3.1045968731495085e-05,-0.00020690803989728763
127,1627302538.2561414,0.0,0.022237634286284447,0.009450425393879414,-1.6300911903381348,-1.0216888757255682e-05,-3.2684484931135016e-05,0.12608400999438008,0.006045481655746698,-0.0008089717011898756,0.007714538834989071,2.761591193888869e-05,2.4360963671562904e-05,3.882844924863061e-07
128,1627302538.2661326,0.0,0.022236758843064308,0.009449365548789501,-1.630103588104248,-1.1205835264170572e-05,-3.103179720526095e-05,0.12608315097978648,0.002849688520655036,-0.008265823125839233,0.003453481011092663,-2.79723688591812e-05,2.463004027977585e-05,5.968145789503062e-05
129,1627302538.2761765,0.0,0.02225961908698082,0.009389322251081467,-1.63011634349823,-1.3635541064753454e-05,-2.2397085283228785e-05,0.126083306974951,-0.000346104905474931,-0.0018742361571639776,0.005584009923040867,-0.0002211362975845879,0.0003503336653370509,5.465405291875383e-05
130,1627302538.286826,0.0,0.02226344123482704,0.009433042258024216,-1.6301000118255615,-1.4342590056830307e-05,-2.8892260508783796e-05,0.12608190337776376,0.0071107461117208,-0.0008089717011898756,-0.0018728412687778473,-0.00015831288667400136,0.00024058169319766492,-5.17272444896995e-05
131,1627302538.3014612,0.0,0.022281358018517494,0.009424407966434956,-1.6300971508026123,-1.663059241441972e-05,-2.7761665045551026e-05,0.12608380127461827,-0.002476633759215474,0.0023868216667324305,0.003453481011092663,-0.00013114289979458446,-0.00024275934883753717,-5.817553126932431e-05
132,1627302538.311086,0.0,0.02227650210261345,0.009437361732125282,-1.630107045173645,-1.603380122356529e-05,-2.9815476761299586e-05,0.12608070504457577,-0.000346104905474931,-0.0018742361571639776,0.003453481011092663,-0.00016644236709249097,-0.00021328311892456308,0.000234014759853618
133,1627302538.321468,0.0,0.022238943725824356,0.009376553818583488,-1.6301058530807495,-1.0841533720017116e-05,-2.0839463389172447e-05,0.12608320053420394,0.001784424064680934,-0.012526880018413067,-0.0008075768710114062,0.0002100426098171284,0.00019596231851934354,0.0001317540585872441
134,1627302538.3309512,0.0,0.022243957966566086,0.009337504394352436,-1.6301349401474,-1.1455944090216219e-05,-1.9386662161679363e-05,0.12608022968392069,0.000719159550499171,-0.006135294213891029,-0.006133899092674255,0.00024714461048069375,0.0006591566799692573,-2.4577884334940873e-05
135,1627302538.3411343,0.0,0.022258335724473,0.00934376660734415,-1.6301236152648926,-1.3269057690994124e-05,-1.818531543217039e-05,0.12608296760437565,-0.0014113693032413721,0.0023868216667324305,0.0013229520991444588,-5.605498670058298e-05,0.0002787218568704059,1.5782511959184976e-06
136,1627302538.3511243,0.0,0.02225486934185028,0.009331903420388699,-1.6301298141479492,-1.1605332328905316e-05,-1.5058139331225462e-05,0.12608211121368032,0.000719159550499171,0.0034520861227065325,-0.0029381057247519493,-6.649497441935882e-05,0.00023368586493034338,8.437655109809944e-05
137,1627302538.3610342,0.0,0.022257929667830467,0.009287608787417412,-1.6301302909851074,-1.0749408209560773e-05,-1.1211977052342365e-05,0.1260832065497822,0.004980217199772596,-0.0018742361571639776,-0.0008075768710114062,3.7864759589160636e-05,0.0003442058120244416,2.542837026369019e-05
138,1627302538.3714716,0.0,0.02225535735487938,0.009294344112277031,-1.6301532983779907,-1.1960880719620592e-05,-1.6222799093343343e-05,0.12608356973006293,0.000719159550499171,-0.0029395006131380796,0.002388216555118561,-1.615979976420805e-05,4.5289242465979565e-05,3.202283636433029e-05
139,1627302538.3812633,0.0,0.022278714925050735,0.00929646473377943,-1.630167841911316,-1.5857234541956367e-05,-1.2256721558488726e-05,0.12608321249467347,0.000719159550499171,-0.0018742361571639776,-0.00826442800462246,-0.0002606591949079362,5.4489644680412684e-05,-2.3687424474425033e-05
140,1627302538.391637,0.0,0.022289546206593513,0.009303132072091103,-1.6301716566085815,-1.8413444724960093e-05,-1.2947180451344104e-05,0.12608334837150548,0.000719159550499171,0.0002562927547842264,-0.0018728412687778473,-0.0003095427122414477,0.0002535789210587491,-2.4468300694143728e-05
141,1627302538.4050477,0.0,0.022283751517534256,0.009329468943178654,-1.6301448345184326,-1.6696465388002513e-05,-1.8812328326640176e-05,0.12608328581114628,-0.0014113693032413721,-0.0029395006131380796,0.006649274379014969,-0.00014760356041771658,-0.0001805433025068195,-9.937773694968222e-06
142,1627302538.4153876,0.0,0.022298667579889297,0.009340920485556126,-1.6301333904266357,-1.8388888620143873e-05,-1.8956124928606183e-05,0.12608067684696966,-0.000346104905474931,-0.007200558669865131,0.006649274379014969,-0.00011163227888239731,-0.0002492026730539236,-3.523722950601658e-05
143,1627302538.4249184,0.0,0.022288616746664047,0.009318727999925613,-1.6301238536834717,-1.5897450681916225e-05,-1.581726736398295e-05,0.12608399675522342,-0.0014113693032413721,-0.007200558669865131,-0.004003370180726051,2.8953675458547966e-05,0.00014191278895395244,2.1392312500098896e-05
144,1627302538.4351912,0.0,0.022319573909044266,0.009336641058325768,-1.6301401853561401,-2.2161875744768078e-05,-1.6633521190124317e-05,0.12608337681140686,0.0071107461117208,-0.004004765301942825,0.00025768758496269584,-8.73417324148489e-05,0.0001761067916738828,9.085454206384384e-05
145,1627302538.4457216,0.0,0.02233125828206539,0.009364248253405094,-1.6301209926605225,-2.2850936235913055e-05,-2.0818123756975726e-05,0.126087896501519,-0.0014113693032413721,0.0002562927547842264,0.003453481011092663,-0.00032467544945406096,-0.00015482020020280235,1.792279485123819e-05
146,1627302538.455014,0.0,0.02233039028942585,0.009396634995937347,-1.630131483078003,-2.2713303897081705e-05,-2.427437210615266e-05,0.12608124541518934,0.004980217199772596,-0.007200558669865131,0.0013229520991444588,-3.640820138493278e-05,-0.00037661080151668813,-0.00017888432958421732
147,1627302538.4650385,0.0,0.022354772314429283,0.009349934756755829,-1.6301194429397583,-2.3106427220295767e-05,-1.7105606771126297e-05,0.12608075934395416,-0.002476633759215474,0.0013215572107583284,0.0013229520991444588,-6.214388240457747e-05,0.00018450617939291702,-0.00030308594369301173
148,1627302538.4752457,0.0,0.022329069674015045,0.009352375753223896,-1.6301329135894775,-2.2299005609634215e-05,-2.016867676914863e-05,0.12608089483841461,-0.002476633759215474,-0.010396352037787437,-0.005068634636700153,2.2109943118926368e-05,0.00027000396269027385,1.6852461163921626e-05
149,1627302538.4849644,0.0,0.022356249392032623,0.009380480274558067,-1.6301416158676147,-2.496625731703006e-05,-2.073908117660589e-05,0.12608423151880827,0.000719159550499171,-0.0029395006131380796,0.004518745467066765,-5.318375682938979e-05,-0.00015122466662771105,0.00015972770205056734
150,1627302538.494993,0.0,0.022361595183610916,0.009381411597132683,-1.6301509141921997,-2.6898975063388564e-05,-2.3846880734448156e-05,0.12608429565987747,0.001784424064680934,0.0034520861227065325,0.0013229520991444588,-0.0001765561449117189,-4.940419430667497e-05,0.00010616672504351757
151,1627302538.5093637,0.0,0.022359730675816536,0.009369379840791225,-1.6301368474960327,-2.6224185155833413e-05,-2.0619895640176106e-05,0.12608065065077673,0.000719159550499171,0.0002562927547842264,0.0013229520991444588,-0.00010620502657027464,0.00011061838517812798,-0.00014517741739804776
152,1627302538.5196435,0.0,0.022350486367940903,0.009405425749719143,-1.6301506757736206,-2.675970530306715e-05,-2.6389780819084663e-05,0.1260841257248745,-0.0014113693032413721,-0.008265823125839233,-0.006133899092674255,-0.0001026404467225876,-5.3027603325590346e-05,-5.7657291557817576e-05
153,1627302538.529616,0.0,0.022368213161826134,0.009345846250653267,-1.6301473379135132,-2.6406605774596803e-05,-2.031432396400537e-05,0.1260838817160223,-0.005672427359968424,-0.008265823125839233,0.002388216555118561,-0.00014450555198256804,0.0001222357544206206,0.00015108511892906697
154,1627302538.5409665,0.0,0.02236766926944256,0.009340032935142517,-1.6301300525665283,-2.833107969314047e-05,-1.745953381592641e-05,0.1260846917317997,-0.0014113693032413721,-0.0029395006131380796,-0.0008075768710114062,-8.396143121672278e-05,0.0005513359130476433,7.167246940317784e-05
155,1627302538.5495017,0.0,0.022354550659656525,0.009341474622488022,-1.6301231384277344,-2.5294985341151044e-05,-1.5740786892495806e-05,0.12608469234542236,0.001784424064680934,-0.004004765301942825,0.00025768758496269584,0.00018818113543002605,0.0002436988609599812,-2.6395559850776423e-05
156,1627302538.5595632,0.0,0.02237340249121189,0.009378401562571526,-1.6301134824752808,-2.9082255108760224e-05,-2.2670731896899665e-05,0.12608287149036482,-0.0014113693032413721,0.0023868216667324305,-0.004003370180726051,1.404880934386816e-05,-0.00018403825560276766,-0.00016234109869129308
157,1627302538.5696502,0.0,0.02236323617398739,0.009403716772794724,-1.6300899982452393,-2.55292017941125e-05,-2.4406451462597595e-05,0.12608304525674685,-0.002476633759215474,-0.0008089717011898756,0.00025768758496269584,-6.022993442177946e-05,-0.0003742968276591402,-0.00011098246121128408
158,1627302538.5798752,0.0,0.02236650511622429,0.00939018465578556,-1.6300909519195557,-2.6821636074626787e-05,-2.114743852370954e-05,0.12608291312001202,-0.000346104905474931,-0.0018742361571639776,0.002388216555118561,7.570996856475905e-05,6.192640484962926e-05,-3.581072716099308e-05
159,1627302538.5894148,0.0,0.022378699854016304,0.009408325888216496,-1.630086898803711,-2.8555191689143278e-05,-2.480207416990024e-05,0.12608330414047342,0.001784424064680934,-0.006135294213891029,0.0013229520991444588,-0.00012347796518258854,-1.712982588327886e-05,-8.416795681041656e-05
160,1627302538.599544,0.0,0.022364862263202667,0.00942081306129694,-1.6300852298736572,-2.6844392650916815e-05,-2.5278082439839783e-05,0.12608413025849297,-0.0014113693032413721,-0.007200558669865131,0.007714538834989071,-4.331417002834156e-05,-0.00024042946843849073,1.0983778258672227e-05
161,1627302538.6140547,0.0,0.022395610809326172,0.009419625625014305,-1.6300568580627441,-2.9483612873193454e-05,-2.7163975380259386e-05,0.12608264317423007,0.001784424064680934,-0.005070029757916927,0.007714538834989071,-1.847528323544011e-05,-0.000206594337017225,0.00014568052775417175
162,1627302538.6250935,0.0,0.022405654191970825,0.009419383481144905,-1.6300488710403442,-3.0512411563529684e-05,-2.625192563690884e-05,0.12608178417463523,0.001784424064680934,0.0002562927547842264,0.00025768758496269584,-0.00013238960743887403,-7.524234117303718e-05,6.588013703586517e-05
163,1627302538.6344216,0.0,0.022417088970541954,0.009421411901712418,-1.6300591230392456,-3.213817566462274e-05,-2.5695089775609747e-05,0.12608406076202527,-0.0014113693032413721,0.004517350345849991,-0.00826442800462246,-0.0002683926895746619,-8.615322560962361e-05,0.0001918211375714035
164,1627302538.644479,0.0,0.022409066557884216,0.009441027417778969,-1.630066990852356,-3.13225424081881e-05,-2.7080127882904426e-05,0.1260848680442905,0.003914952743798494,0.004517350345849991,0.00025768758496269584,-0.00012885998818832267,-0.0001614026022454809,0.0003820319379713862
165,1627302538.6545033,0.0,0.022399818524718285,0.009442952461540699,-1.63005793094635,-3.239451891284134e-05,-2.9110071511930652e-05,0.12608532597016986,0.000719159550499171,-0.010396352037787437,-0.004003370180726051,2.541161601087381e-05,-0.00020323230543870975,0.00012871464056382642
166,1627302538.66425,0.0,0.02239319123327732,0.009451306425035,-1.6300511360168457,-3.025658102641382e-05,-3.040955873000184e-05,0.12608075423620807,0.002849688520655036,-0.0029395006131380796,0.003453481011092663,1.5207047295616932e-05,-0.00012000286816109905,-0.00017454894148738183
167,1627302538.6771312,0.0,0.02241053245961666,0.009420674294233322,-1.6300675868988037,-3.1346424452183275e-05,-2.4418537306572508e-05,0.12608301575219635,0.003914952743798494,0.0002562927547842264,-0.0018728412687778473,2.648103470652681e-05,0.000260059749998058,-8.595400001656528e-05
168,1627302538.6989665,0.0,0.022400638088583946,0.009402750991284847,-1.6300835609436035,-3.0159982219536696e-05,-2.2435322074732672e-05,0.12608514806382823,-0.002476633759215474,-0.009331087581813335,-0.0018728412687778473,-5.056468216541528e-05,0.00025781155764547574,0.00015179362722751605
169,1627302538.7289064,0.0,0.022361252456903458,0.009369924664497375,-1.6300804615020752,-2.491737709161418e-05,-2.0113148151802013e-05,0.12608332661760396,-0.000346104905474931,0.0002562927547842264,0.0013229520991444588,0.00012101763892507887,0.0001734615646800901,-9.133497899541584e-06
170,1627302538.759287,0.0,0.0223406869918108,0.009366996586322784,-1.6300700902938843,-2.320857435433865e-05,-1.8214509140013907e-05,0.1260828415768196,-0.004607162903994322,0.0034520861227065325,0.009845067746937275,9.176188479963504e-05,0.0002121686132334769,-2.4710973694725206e-05
171,1627302538.8139446,0.0,0.02233082428574562,0.009439028799533844,-1.6300747394561768,-2.3753077217421315e-05,-2.8794104187074288e-05,0.12608262999359734,-0.0014113693032413721,-0.007200558669865131,-0.007199163548648357,-4.402336054736248e-05,-4.91750401735742e-06,-5.5793266882815685e-05
172,1627302538.8462322,0.0,0.022314006462693214,0.00946351420134306,-1.630051612854004,-1.9498085675487276e-05,-3.3680465010312716e-05,0.12608092945583738,-0.0014113693032413721,-0.0029395006131380796,-0.0018728412687778473,2.8350915196963564e-05,-0.0001387408865748378,-7.7457131883272e-05
173,1627302538.8590174,0.0,0.02230709418654442,0.00950844306498766,-1.630064845085144,-1.904119110921615e-05,-3.802987227621152e-05,0.12608324914495853,-0.003541898215189576,-0.0029395006131380796,0.002388216555118561,9.146236097637748e-05,-0.00022455629828056596,9.226982718080591e-05
174,1627302538.875364,0.0,0.022291742265224457,0.00949187483638525,-1.6300668716430664,-1.9050395508930784e-05,-3.624842546930823e-05,0.12608021214091175,0.004980217199772596,-0.0008089717011898756,0.003453481011092663,0.0001628446011322707,-9.405591449117737e-05,5.4813556062786445e-05
175,1627302538.8848872,0.0,0.022283226251602173,0.009492111392319202,-1.6300737857818604,-1.691909519992152e-05,-3.488875145719189e-05,0.12608102269663096,0.004980217199772596,0.0002562927547842264,0.002388216555118561,0.00021077604007897112,5.4253595731748624e-05,2.5534851701194217e-05
176,1627302538.8968453,0.0,0.022280804812908173,0.009464075788855553,-1.6300755739212036,-1.6439689115591016e-05,-3.26313576901327e-05,0.1260801170733992,-0.000346104905474931,-0.006135294213891029,-0.0008075768710114062,0.00012658865003660233,0.00018442258309710942,0.00010681694009928782
177,1627302538.9133415,0.0,0.022264331579208374,0.009438588283956051,-1.6301099061965942,-1.4608143789257566e-05,-3.1054384540832314e-05,0.12608121695209484,-0.004607162903994322,-0.006135294213891029,-0.007199163548648357,9.259390521360524e-05,0.0003377867320485271,4.661867200838827e-05
178,1627302538.924282,0.0,0.022271377965807915,0.009455117397010326,-1.6300928592681885,-1.6503903508546802e-05,-3.025436681711527e-05,0.12608295374541326,0.002849688520655036,-0.0008089717011898756,0.008779803290963173,-1.1141685490973384e-05,0.0001285163115070567,7.870715555914692e-05
179,1627302538.9321818,0.0,0.02226867713034153,0.00944726262241602,-1.6301032304763794,-1.5139753179682636e-05,-2.9757462904931448e-05,0.12608289023494998,0.004980217199772596,-0.0008089717011898756,0.005584009923040867,-5.9299956808774174e-05,2.8650052412931032e-05,9.530939681265483e-05
180,1627302538.946432,0.0,0.022291801869869232,0.009441269561648369,-1.6301167011260986,-1.8080201736540846e-05,-2.870119416207434e-05,0.12608320201046858,0.003914952743798494,-0.0029395006131380796,-0.005068634636700153,-0.00015437511380980926,5.3241326543941945e-05,3.4261589869752465e-05
181,1627302538.974913,0.0,0.022269444540143013,0.009442441165447235,-1.6301329135894775,-1.5286213983160823e-05,-2.8351019803168898e-05,0.1260798421491351,-0.0014113693032413721,-0.0029395006131380796,0.002388216555118561,-7.701325292867975e-05,0.0002428147559069973,-0.00012937957340815093
182,1627302538.9841788,0.0,0.022280901670455933,0.00944104790687561,-1.630139946937561,-1.6936013164180197e-05,-3.070130797431375e-05,0.12607990739858566,-0.000346104905474931,0.004517350345849991,0.0013229520991444588,0.00017414479746587767,0.0003704193304139223,-0.00015906506562936748
183,1627302538.9934812,0.0,0.022272147238254547,0.009446353651583195,-1.6301448345184326,-1.712146214617738e-05,-3.2278865361053816e-05,0.12608125101454767,-0.004607162903994322,-0.006135294213891029,0.004518745467066765,-3.408177799482003e-06,5.849109281846394e-05,0.00012642378428097555
184,1627302539.0021663,0.0,0.02227783016860485,0.009424522519111633,-1.6301225423812866,-1.636464203018384e-05,-2.937619269238745e-05,0.12608141410217702,0.003914952743798494,-0.0018742361571639776,0.005584009923040867,0.00015393099925553342,0.00026000223197533375,0.00026827517536932133
185,1627302539.012101,0.0,0.02227136120200157,0.00943906232714653,-1.6301592588424683,-1.5825984728337628e-05,-2.7728090428245922e-05,0.12608424267136323,0.0071107461117208,-0.007200558669865131,-0.006133899092674255,0.00027555204119861167,0.00022379059434349374,8.047625706766031e-05
186,1627302539.0233245,0.0,0.022313367575407028,0.009433948434889317,-1.6301395893096924,-2.1064707548888728e-05,-3.046770579489405e-05,0.12608170230400126,0.003914952743798494,-0.0018742361571639776,0.0013229520991444588,-0.00021583455485548223,-0.0001235394913938905,-8.810750593530567e-05
187,1627302539.031943,0.0,0.022329844534397125,0.00944253709167242,-1.6301690340042114,-2.0092310281237535e-05,-2.920239443359937e-05,0.1260813463363346,-0.000346104905474931,-0.004004765301942825,-0.007199163548648357,-0.0002986129459498696,-0.0002367800398023821,-0.00022005678441709852
188,1627302539.042083,0.0,0.022314289584755898,0.009426606819033623,-1.6301839351654053,-2.1313691765542653e-05,-2.6447269462652467e-05,0.1260821592975098,-0.003541898215189576,0.0013215572107583284,-0.0029381057247519493,-6.577681986086992e-05,8.526371088819801e-05,-1.023339009103955e-05
189,1627302539.0520608,0.0,0.02231452614068985,0.009448195807635784,-1.6301488876342773,-2.1284722896121322e-05,-2.9721499794001238e-05,0.12608337869815256,0.001784424064680934,0.0002562927547842264,0.009845067746937275,-6.370091910623672e-05,2.7673850088018164e-05,0.00015389188711313766
190,1627302539.062226,0.0,0.02230037935078144,0.009456527419388294,-1.6301472187042236,-1.8583473425849706e-05,-3.228517879179382e-05,0.12608236017034335,-0.003541898215189576,0.0023868216667324305,0.002388216555118561,0.00014593187343507453,-0.0001965595596407816,-2.9765590896568587e-05
191,1627302539.0768476,0.0,0.022312724962830544,0.009440221823751926,-1.6301608085632324,-2.0152509340343183e-05,-3.133279128029326e-05,0.12608324080529906,0.003914952743798494,-0.01146161649376154,-0.004003370180726051,7.977336013498054e-05,-2.360213042206599e-05,4.9600781317815194e-05
192,1627302539.087099,0.0,0.022309601306915283,0.009432642720639706,-1.6301755905151367,-2.1748414753074152e-05,-2.6734518488166076e-05,0.12608064369923994,0.0071107461117208,0.0013215572107583284,0.002388216555118561,-8.95514321737398e-05,0.00027168353562553594,3.6215657741519654e-05
193,1627302539.0968423,0.0,0.02230631746351719,0.009443155489861965,-1.6301525831222534,-1.9316538575911424e-05,-3.162962366312985e-05,0.12608313090023165,-0.000346104905474931,-0.0029395006131380796,-0.00826442800462246,2.1008283991680964e-05,6.290067734588034e-05,-6.299116231385399e-05
194,1627302539.107001,0.0,0.022315368056297302,0.009481669403612614,-1.6301641464233398,-1.9717860841247936e-05,-3.406588382924569e-05,0.1260851121858675,-0.000346104905474931,-0.0008089717011898756,-0.0018728412687778473,5.9055848511626666e-05,-0.00035746355590235727,0.0001370675903398055
195,1627302539.1169274,0.0,0.022297276183962822,0.00946140568703413,-1.63019859790802,-2.0663204611387487e-05,-3.2807162911683424e-05,0.12608121103144493,-0.003541898215189576,-0.004004765301942825,-0.0018728412687778473,-2.9121282981686865e-05,-0.00012706461731286185,-6.98537472164948e-05
196,1627302539.1268284,0.0,0.022309783846139908,0.009469890967011452,-1.630193829536438,-2.2425217844998513e-05,-3.607985947089165e-05,0.12608195397434457,-0.000346104905474931,-0.005070029757916927,-0.0018728412687778473,-7.43773898352085e-05,-1.4501536967871355e-05,-0.00013504033535342104
197,1627302539.1371815,0.0,0.02232937701046467,0.009457346051931381,-1.6301872730255127,-2.3616835881291875e-05,-3.2321920433169005e-05,0.12608238058330645,-0.000346104905474931,-0.0008089717011898756,0.0013229520991444588,-0.00014697530818844683,8.767133585211979e-05,3.2469310750255555e-05
198,1627302539.1469405,0.0,0.022307217121124268,0.009483805857598782,-1.630183219909668,-2.1093314465932267e-05,-3.7150807156736965e-05,0.12608115979119333,-0.002476633759215474,0.0002562927547842264,0.004518745467066765,-1.4529147129673305e-05,-5.991052893700171e-05,-4.112542500341946e-05
199,1627302539.1568604,0.0,0.02230786345899105,0.009485166519880295,-1.6302053928375244,-2.0134497569226917e-05,-3.6349582392229685e-05,0.12608012746448347,-0.0014113693032413721,-0.009331087581813335,-0.0008075768710114062,8.702622238214199e-05,-0.00027222484799992256,-5.699910902015021e-05
200,1627302539.166947,0.0,0.02230623923242092,0.00948228221386671,-1.630190134048462,-2.1950242990842472e-05,-3.5702392983939096e-05,0.12608035286041883,-0.005672427359968424,0.0013215572107583284,0.002388216555118561,-3.071289465995918e-05,0.00013387947611063998,-0.0001008022705766747
201,1627302539.1831665,0.0,0.022304534912109375,0.009492662735283375,-1.6301944255828857,-2.0790958660039938e-05,-3.755833098047223e-05,0.12607971627559578,-0.004607162903994322,-0.0018742361571639776,0.00025768758496269584,-0.0001025810471158635,-2.8721570259439206e-05,-8.986185403296497e-05
202,1627302539.1931052,0.0,0.022315995767712593,0.009506591595709324,-1.6302075386047363,-2.2469416298610823e-05,-3.729370034561211e-05,0.12608343221000096,0.000719159550499171,0.0013215572107583284,-0.0008075768710114062,-0.0001478547081872085,-2.5896322753014375e-05,0.00011391940749334239
203,1627302539.2029645,0.0,0.022329336032271385,0.009499065577983856,-1.630188226699829,-2.276156647147698e-05,-3.6121276423994875e-05,0.12608147229224237,0.001784424064680934,-0.004004765301942825,-0.004003370180726051,-0.00015392310336260787,0.00013108622000049605,0.00020810100983631777
204,1627302539.213015,0.0,0.022347915917634964,0.009478366933763027,-1.6302032470703125,-2.4071443585869934e-05,-3.516279692443447e-05,0.12608050751675792,-0.002476633759215474,0.0034520861227065325,0.00025768758496269584,-0.000172835377202206,0.00014942546393070487,-1.5193127995295352e-05
205,1627302539.2230701,0.0,0.022330433130264282,0.009513248689472675,-1.6302000284194946,-2.546153097762044e-05,-4.080997106990086e-05,0.1260812892021031,-0.004607162903994322,-0.0008089717011898756,0.002388216555118561,-0.00011071065108551222,-0.00011974373764593692,5.7213625027618465e-06
206,1627302539.2331848,0.0,0.022344807162880898,0.009477829560637474,-1.6301791667938232,-2.460323747389276e-05,-3.4692450520158735e-05,0.1260822755868132,0.010306539945304394,-0.0008089717011898756,0.0013229520991444588,4.220526685636703e-05,3.66603959319046e-05,-1.0238783217690251e-06
207,1627302539.24295,0.0,0.022350823506712914,0.00945471040904522,-1.6301814317703247,-2.7106005426408286e-05,-3.0175851124591285e-05,0.1260808124671901,0.003914952743798494,-0.012526880018413067,0.00025768758496269584,-8.324053730510465e-05,0.0004055790953418797,-4.2163564794781333e-05
208,1627302539.2530732,0.0,0.022348826751112938,0.009433584287762642,-1.6301847696304321,-2.6973732401104622e-05,-2.9056754381723282e-05,0.12608286208992942,0.003914952743798494,-0.005070029757916927,0.004518745467066765,-0.0001239884069837712,0.00029938203547231557,-2.4258828866617937e-05
209,1627302539.263169,0.0,0.022346818819642067,0.009454305283725262,-1.630165934562683,-2.6705693067036185e-05,-3.1494558983116705e-05,0.1260826664932433,0.002849688520655036,-0.0018742361571639776,0.00025768758496269584,2.097084108492648e-05,-7.552869572225486e-06,7.552953263495112e-05
210,1627302539.2730653,0.0,0.02235150896012783,0.009474797174334526,-1.6301566362380981,-2.6353381501233175e-05,-3.527811172605519e-05,0.12608347106491216,0.001784424064680934,-0.0018742361571639776,0.002388216555118561,6.441848045599115e-05,-0.00023800037877620917,3.102013155547313e-05
211,1627302539.2888787,0.0,0.022345300763845444,0.009478412568569183,-1.630151629447937,-2.5353278362338916e-05,-3.509586541661919e-05,0.12608079996101432,-0.002476633759215474,0.004517350345849991,-0.006133899092674255,4.155023342095413e-05,-0.00012808199574592982,-1.396046077453944e-05
212,1627302539.299169,0.0,0.022354036569595337,0.00951406266540289,-1.6301547288894653,-2.6820383760402244e-05,-3.952515818147345e-05,0.12607837802988217,0.003914952743798494,-0.0008089717011898756,0.004518745467066765,1.2060500238582885e-05,-0.00032131726601537135,-0.00011009428673032357
213,1627302539.3087478,0.0,0.022356200963258743,0.00953159760683775,-1.6301261186599731,-2.7079819741843147e-05,-4.228194838781785e-05,0.12608127972414246,0.000719159550499171,-0.004004765301942825,0.0013229520991444588,-1.023374962564217e-05,-0.0003669995282377868,-0.00018748795868978879
214,1627302539.3189738,0.0,0.02236107736825943,0.009538993239402771,-1.6301320791244507,-2.660242683920344e-05,-4.068048289074602e-05,0.12608295568746325,0.004980217199772596,-0.008265823125839233,0.00025768758496269584,2.8823034196362235e-05,-4.0332896508634256e-05,-7.871219330055048e-05
215,1627302539.328837,0.0,0.022344909608364105,0.00953255407512188,-1.6301661729812622,-2.4762780967413356e-05,-3.877107846901248e-05,0.12608246765812225,-0.005672427359968424,-0.009331087581813335,0.00025768758496269584,-1.8785160846909017e-07,0.00011901918065231606,-7.633774054193074e-05
216,1627302539.3392107,0.0,0.022322233766317368,0.00953194685280323,-1.6301668882369995,-2.211460411544186e-05,-4.28279863322889e-05,0.12608254579487202,0.001784424064680934,-0.0029395006131380796,-0.0008075768710114062,0.00016287897524689695,3.659962591443535e-05,-8.542717401825427e-05
217,1627302539.3495545,0.0,0.02230093441903591,0.009551821276545525,-1.6301681995391846,-2.049623560084618e-05,-4.438422118479765e-05,0.12607963067284125,-0.0014113693032413721,0.0002562927547842264,-0.005068634636700153,0.00020927805287183871,-0.00015587791783299075,-6.78504555996373e-05
218,1627302539.358942,0.0,0.022295689210295677,0.009586174972355366,-1.6301616430282593,-1.998665629887597e-05,-4.749913088909069e-05,0.12608035696752046,-0.0014113693032413721,0.0002562927547842264,0.002388216555118561,0.00010738747541939955,-0.0002293429310774498,-9.636643593535748e-05
219,1627302539.3688905,0.0,0.022280408069491386,0.009554174728691578,-1.6301747560501099,-1.8906289878710403e-05,-4.235570223511467e-05,0.12607932749452266,-0.000346104905474931,-0.0008089717011898756,-0.0008075768710114062,0.00010346356730139735,5.928089768415164e-05,-5.251547231318924e-05
220,1627302539.3792672,0.0,0.02230818197131157,0.009554808028042316,-1.630179762840271,-2.160894092040344e-05,-4.467127268288629e-05,0.12608133821729217,0.006045481655746698,0.0034520861227065325,0.004518745467066765,-1.5059730479706297e-06,0.0001839920509789423,1.0759401865490144e-05
221,1627302539.3952613,0.0,0.022309960797429085,0.0095300804823637,-1.6302106380462646,-2.0740788980094793e-05,-4.133909100343183e-05,0.12607877783679702,-0.004607162903994322,0.005582614801824093,0.004518745467066765,-0.000126640205504926,0.0002087032975575106,-8.096533827089552e-05
222,1627302539.4052744,0.0,0.02231905795633793,0.009583689272403717,-1.6302003860473633,-2.350267560570496e-05,-5.010602272992673e-05,0.12608214767610182,0.002849688520655036,-0.005070029757916927,-0.0029381057247519493,-0.0001624987304776373,-0.00014691994904901697,1.0874859415431485e-06
223,1627302539.4156291,0.0,0.022335881367325783,0.009571119211614132,-1.630192756652832,-2.4312590745069473e-05,-4.660605290528544e-05,0.12608135413626714,-0.0014113693032413721,0.0034520861227065325,0.002388216555118561,-0.0001349227795020754,-0.0002697706006050914,0.00011703402552613404
224,1627302539.4252534,0.0,0.022332902997732162,0.009581850841641426,-1.6301846504211426,-2.3896887811188094e-05,-4.798024567949713e-05,0.12608122742990335,-0.0014113693032413721,-0.0018742361571639776,-0.0008075768710114062,8.286150946163661e-06,0.00011903870227416706,-8.307976608106818e-05
225,1627302539.4352212,0.0,0.022321825847029686,0.009604380466043949,-1.6301847696304321,-2.4855986280755693e-05,-4.980826357289456e-05,0.12608386623897277,0.000719159550499171,-0.009331087581813335,0.004518745467066765,5.2053366789539894e-05,-0.00018418074947610787,2.902589679574862e-05
226,1627302539.4472756,0.0,0.02231844887137413,0.009628298692405224,-1.6301774978637695,-2.3358359404118678e-05,-5.397144221296751e-05,0.12607916517086948,0.003914952743798494,0.0034520861227065325,-0.004003370180726051,8.004511333260633e-05,-0.00024402673418750894,-9.289711890210202e-05
227,1627302539.4556653,0.0,0.02234141156077385,0.00962056964635849,-1.6301496028900146,-2.4894332701669297e-05,-5.1265065531668624e-05,0.12608206270157118,0.004980217199772596,-0.004004765301942825,0.002388216555118561,7.499128211136785e-05,-0.0001322056687386835,-0.00011752383035514412
228,1627302539.4653738,0.0,0.022325873374938965,0.00964177493005991,-1.6301552057266235,-2.4398818447325665e-05,-5.767812972782074e-05,0.12607976941475432,0.004980217199772596,0.0034520861227065325,-0.0008075768710114062,3.219170817866563e-05,-0.00012444316561179036,-7.580948738845725e-05
229,1627302539.4751735,0.0,0.0223371684551239,0.009656869806349277,-1.6301450729370117,-2.5573527098393667e-05,-5.7523682928415504e-05,0.12607640218278096,0.000719159550499171,-0.007200558669865131,-0.006133899092674255,-5.7126821540181575e-05,-0.00043006163381518006,-0.0002572946368132008
230,1627302539.488368,0.0,0.022335581481456757,0.009609413333237171,-1.630144715309143,-2.3053334644244916e-05,-5.255672931678626e-05,0.12608019077237548,0.002849688520655036,0.0002562927547842264,-0.0008075768710114062,-1.1856856128247657e-05,0.00010137046056953414,-2.6835243474421098e-05
231,1627302539.5393107,0.0,0.022303976118564606,0.009657136164605618,-1.6301404237747192,-1.935607057534927e-05,-5.7259574113788236e-05,0.12608021652764861,0.004980217199772596,-0.0018742361571639776,-0.005068634636700153,0.0001727649674720597,0.00026959273026757604,0.00010020661881967426
232,1627302539.5577033,0.0,0.022305695340037346,0.00964693259447813,-1.6301466226577759,-2.1684794843587762e-05,-5.595866997999688e-05,0.12608053335704986,0.006045481655746698,-0.008265823125839233,0.00025768758496269584,6.504715699461505e-05,-2.883814135211152e-05,2.8099396326669437e-05
233,1627302539.5653303,0.0,0.022305341437458992,0.009630439803004265,-1.6301349401474,-2.0237234734127307e-05,-5.3899017412727124e-05,0.12607774557060494,0.003914952743798494,-0.0018742361571639776,-0.005068634636700153,6.34029065410912e-05,0.00016146082361733274,1.0924133256002969e-05
234,1627302539.5744126,0.0,0.02228507027029991,0.00965687446296215,-1.6301331520080566,-2.004016219156468e-05,-5.930507258181464e-05,0.126076376139949,-0.004607162903994322,-0.0018742361571639776,-0.0018728412687778473,-1.1897605078923707e-05,-0.00023797030555176865,-0.00021270248557173522
235,1627302539.5863142,0.0,0.02226582169532776,0.009687142446637154,-1.630124568939209,-1.6847767969056793e-05,-6.285719064198433e-05,0.1260790053720134,-0.006737691815942526,-0.0008089717011898756,0.002388216555118561,-8.699306793487722e-06,-0.0006252229186460082,-0.00013372467190554005
236,1627302539.5943215,0.0,0.022257721051573753,0.00965141598135233,-1.630133867263794,-1.6523416665192858e-05,-5.39632962233659e-05,0.12608073611021609,-0.000346104905474931,-0.0018742361571639776,-0.0008075768710114062,0.00013474032976907714,6.529956994853281e-05,7.754739748135399e-05
237,1627302539.6046667,0.0,0.022231316193938255,0.009682781994342804,-1.630158543586731,-1.3933061155643744e-05,-6.0703952148726675e-05,0.1260814606553789,0.001784424064680934,0.0013215572107583284,0.0013229520991444588,0.0002385412039183706,0.00026797268520294403,0.00010205215408211299
238,1627302539.6144183,0.0,0.022216562181711197,0.009668480604887009,-1.6301414966583252,-9.502062014804524e-06,-5.93182822323339e-05,0.1260792902199889,-0.0014113693032413721,-0.007200558669865131,0.003453481011092663,0.0003606091906015589,-3.342058083298201e-05,-4.835451868224431e-05
239,1627302539.6250093,0.0,0.02220408245921135,0.009696124121546745,-1.6301249265670776,-9.08241257001341e-06,-6.294619597400561e-05,0.12607942925212248,0.002849688520655036,0.0023868216667324305,0.005584009923040867,0.0001784411121263963,-0.0001620104310137229,1.7322931947403064e-06
240,1627302539.6352162,0.0,0.022217174991965294,0.009709680452942848,-1.6301078796386719,-1.1715795103769966e-05,-6.284129378604855e-05,0.12608024054976105,0.000719159550499171,0.0002562927547842264,0.00025768758496269584,-8.177194464266211e-05,-0.0002314064392784994,0.00021479418623536397
241,1627302539.6526542,0.0,0.022201430052518845,0.00970547180622816,-1.6301121711730957,-8.691370761405859e-06,-6.372982824737888e-05,0.12607891721528117,0.000719159550499171,-0.0008089717011898756,-0.0018728412687778473,5.623396807177627e-05,2.1470302816220404e-07,0.0001511618619671141
242,1627302539.6625633,0.0,0.022196626290678978,0.00970405898988247,-1.6301088333129883,-9.211063782266216e-06,-6.491650374713248e-05,0.12607829001010043,-0.007802956271916628,-0.008265823125839233,-0.0008075768710114062,-0.0001314001203726138,-2.5373730267678735e-05,-3.596258319366206e-05
243,1627302539.6717563,0.0,0.02220814675092697,0.009663726203143597,-1.6301114559173584,-9.124974243220063e-06,-5.961709081533928e-05,0.12607778786137414,0.001784424064680934,-0.0008089717011898756,0.003453481011092663,-0.0001343690693228806,0.0002397770817439655,-0.00024470589901448434
244,1627302539.6815343,0.0,0.0222126804292202,0.009676456451416016,-1.630111813545227,-7.766857780179548e-06,-6.0044737020450295e-05,0.1260790906718741,0.002849688520655036,0.007713143713772297,0.0013229520991444588,-9.688394047251959e-06,0.0003017020548273938,-0.00025105342923687407
245,1627302539.6915705,0.0,0.02220749668776989,0.009664004668593407,-1.6301062107086182,-8.039418656853592e-06,-6.0010241911968853e-05,0.1260769121762113,-0.002476633759215474,-0.005070029757916927,0.004518745467066765,-8.814452709589021e-05,0.00019904129177916437,9.810920996835293e-05
246,1627302539.7022793,0.0,0.02220860682427883,0.009657989256083965,-1.630131721496582,-8.403205929014002e-06,-5.940113445837905e-05,0.12607858619986156,0.000719159550499171,0.0002562927547842264,0.005584009923040867,-2.886128865175933e-05,0.00023256922265684933,0.0002027026317670739
247,1627302539.7114868,0.0,0.022214718163013458,0.009669864550232887,-1.6301246881484985,-1.0223398445426135e-05,-5.9560386567607954e-05,0.1260797617880204,-0.000346104905474931,0.0013215572107583284,0.004518745467066765,-0.0001939383182106061,9.78183147135238e-05,5.2762712353110934e-05
248,1627302539.7215908,0.0,0.022208958864212036,0.00971206184476614,-1.6301062107086182,-8.516135222111365e-06,-6.654283415732931e-05,0.12607656423137292,0.001784424064680934,0.004517350345849991,0.006649274379014969,-2.2591369267442935e-05,-0.0001546360655136717,-0.000176683620862226
249,1627302539.7430472,0.0,0.02221599966287613,0.009707307443022728,-1.630105972290039,-1.1674628062056935e-05,-6.493809222712921e-05,0.1260801822511871,0.000719159550499171,-0.006135294213891029,-0.0008075768710114062,6.851563373660618e-05,-0.00017870501110288974,-0.00010974615164009684
250,1627302539.7814195,0.0,0.022238243371248245,0.009671533480286598,-1.6300909519195557,-1.1869189162246052e-05,-6.030863337691192e-05,0.12608051455972605,-0.005672427359968424,-0.0008089717011898756,0.003453481011092663,-9.739272332898955e-05,0.00019222207113600066,7.66664332895901e-05
251,1627302539.8496609,0.0,0.022243516519665718,0.009665103629231453,-1.6300565004348755,-1.3126626010870335e-05,-5.663730697461414e-05,0.12608081076103628,0.001784424064680934,-0.0029395006131380796,0.003453481011092663,-1.8400518986949194e-05,0.0001235282646116341,1.9697761895415218e-05
252,1627302539.8624926,0.0,0.02225494384765625,0.009610957466065884,-1.6300517320632935,-1.509538326180393e-05,-5.1507270893980106e-05,0.12607716703423513,-0.003541898215189576,-0.007200558669865131,-0.004003370180726051,-2.9204468793759207e-05,0.00033046237699645636,4.7561896552004336e-05
253,1627302539.8698392,0.0,0.022238928824663162,0.009594748727977276,-1.6300581693649292,-1.3288220099695602e-05,-5.013224663152557e-05,0.12608137248230838,-0.009933484718203545,-0.0008089717011898756,-0.0029381057247519493,-3.213959907003993e-05,0.0004821404716419286,0.00022594056870480633
254,1627302539.8793457,0.0,0.02224799245595932,0.009605826810002327,-1.6300499439239502,-1.2083072164825737e-05,-4.959106925784065e-05,0.12607964120832582,0.000719159550499171,-0.0029395006131380796,-0.005068634636700153,8.430038563788195e-05,0.00019256783808701617,0.00012945549960307465
255,1627302539.889663,0.0,0.02223905734717846,0.009588406421244144,-1.6300597190856934,-9.844912543209572e-06,-4.898003900695794e-05,0.12608059368790042,0.000719159550499171,-0.0008089717011898756,0.002388216555118561,0.00024199135533508272,0.00011593880210205483,-7.090078123328312e-05
256,1627302539.8993676,0.0,0.022240374237298965,0.009557065553963184,-1.630066156387329,-1.2031723253869142e-05,-4.487641995381056e-05,0.12607850807487625,-0.003541898215189576,-0.008265823125839233,-0.005068634636700153,3.506252298289443e-05,0.0002730703222345949,-0.0001924947085843559
257,1627302539.9087636,0.0,0.022255970165133476,0.009568948298692703,-1.6300729513168335,-1.3077556553921232e-05,-4.74527626055897e-05,0.12607818916188573,0.004980217199772596,-0.006135294213891029,-0.005068634636700153,-0.0002311287692719603,0.00013942456209063098,-0.00010604127894194163
258,1627302539.9188402,0.0,0.02230510674417019,0.009541083127260208,-1.630074143409729,-2.0199074658076854e-05,-4.186247015819031e-05,0.12608136435067455,-0.000346104905474931,0.0002562927547842264,-0.007199163548648357,-0.00039204941522393255,0.00014979179654488412,0.0001290546765787317
259,1627302539.9287653,0.0,0.02229197695851326,0.009537058882415295,-1.6300791501998901,-1.8496129381088966e-05,-4.1507773765245976e-05,0.12608019258818756,0.000719159550499171,0.0002562927547842264,-0.0008075768710114062,-0.00022661172420719613,0.0003688249193659415,-1.1036684328135527e-05
260,1627302539.9399893,0.0,0.02231067232787609,0.009470796212553978,-1.6300747394561768,-1.9319047224269914e-05,-3.456672905217256e-05,0.12608124246840363,0.004980217199772596,-0.007200558669865131,0.003453481011092663,5.025422325319333e-05,0.0004256072297164311,0.00011695884574427564
261,1627302539.9573143,0.0,0.02231365256011486,0.009438563138246536,-1.6300725936889648,-2.0318302603496152e-05,-2.9622354747717294e-05,0.12607909309524667,0.001784424064680934,-0.006135294213891029,-0.0018728412687778473,3.794984227190656e-05,0.0004463280976048275,6.078212584818701e-05
262,1627302539.96732,0.0,0.022310961037874222,0.00942641869187355,-1.630052089691162,-1.8710633034060842e-05,-2.7690608503043446e-05,0.1260795983477082,-0.008868220262229443,-0.0029395006131380796,-0.010394956916570663,1.9589429133853115e-05,0.00024277176518788205,-7.97451876221538e-05
263,1627302539.9795866,0.0,0.02234499901533127,0.009461678564548492,-1.630031704902649,-2.3066042664054986e-05,-3.1431936304556624e-05,0.12608167859431457,0.0071107461117208,0.0023868216667324305,0.005584009923040867,-0.00015334516386278536,-8.84865644632835e-06,0.00013684283717125382
264,1627302539.9872985,0.0,0.02232738770544529,0.009466039948165417,-1.6300526857376099,-2.1155216317528258e-05,-3.2121098797709136e-05,0.1260821076573629,-0.0014113693032413721,-0.005070029757916927,0.002388216555118561,-0.00013830567156861162,-0.00026208905299818436,9.53538632303417e-05
265,1627302539.9972668,0.0,0.022331738844513893,0.009494173340499401,-1.6300675868988037,-2.19427744800188e-05,-3.598941236917369e-05,0.1260803153466875,-0.000346104905474931,0.009843672625720501,-0.007199163548648357,-1.4845805929634424e-05,-0.00010697150499319566,-4.852367926343057e-05
266,1627302540.007249,0.0,0.02232515625655651,0.009521448984742165,-1.630050539970398,-2.1214883674555707e-05,-3.842012608749196e-05,0.12608066946264138,-0.0014113693032413721,-0.0029395006131380796,0.005584009923040867,9.275046848517445e-06,-0.0002376215748662273,-7.005694545863123e-05
267,1627302540.0197752,0.0,0.022333476692438126,0.009532185271382332,-1.6300444602966309,-2.3320339143158286e-05,-4.11576416375313e-05,0.12608058789583443,-0.004607162903994322,0.0013215572107583284,-0.0018728412687778473,1.5349201557616407e-05,-0.00020241245687422884,7.162080573028456e-05
268,1627302540.0272448,0.0,0.02233589068055153,0.009462833404541016,-1.6300498247146606,-2.2225316018475993e-05,-3.1667793806863104e-05,0.12608430427284875,0.003914952743798494,-0.01146161649376154,0.00025768758496269584,-0.0001492830987842791,0.00043658180378122,0.00018335515014141862
269,1627302540.03734,0.0,0.022338615730404854,0.00945103820413351,-1.6300475597381592,-2.233737085745313e-05,-2.8784186404735845e-05,0.12608089456364124,-0.003541898215189576,-0.004004765301942825,-0.0008075768710114062,-0.00010121647166720646,0.0007190011257091979,7.148828024983411e-05
270,1627302540.0479217,0.0,0.02233952097594738,0.009437797591090202,-1.6300570964813232,-2.3426874920448593e-05,-2.5825204926499534e-05,0.12608330711260013,0.000719159550499171,-0.007200558669865131,-0.0029381057247519493,-9.350813319525287e-05,0.0002889866395130702,-6.004733450878225e-05
271,1627302540.0689008,0.0,0.022367218509316444,0.00941466260701418,-1.6300089359283447,-2.6306702144970884e-05,-2.255805891344942e-05,0.1260833947550447,0.001784424064680934,-0.0008089717011898756,0.0013229520991444588,-0.0001711917475844036,0.00022416202118989793,9.548910867261359e-05
272,1627302540.0790582,0.0,0.02236425317823887,0.00940363947302103,-1.6300216913223267,-2.391488419090787e-05,-2.294524065299397e-05,0.12608404608622553,-0.0014113693032413721,-0.0008089717011898756,0.00025768758496269584,-4.7858926703729455e-05,0.00010698683199934338,2.506069272306506e-05
273,1627302540.0895557,0.0,0.02233883924782276,0.009412539191544056,-1.6300019025802612,-2.1680705420953905e-05,-2.364985973253575e-05,0.12608379302806583,0.003914952743798494,0.0002562927547842264,0.002388216555118561,0.00023579696112720466,-4.595073936927057e-06,5.450586646922341e-05
274,1627302540.1000102,0.0,0.022346068173646927,0.009425981901586056,-1.6299864053726196,-2.3401763018869592e-05,-2.4023488556384337e-05,0.12607933939481306,0.002849688520655036,0.004517350345849991,0.003453481011092663,2.09040794965393e-05,-0.0001726509259764889,-0.00022708719135852492
275,1627302540.1089618,0.0,0.022342344745993614,0.009402520023286343,-1.6299920082092285,-2.3146167633047998e-05,-2.484821942348031e-05,0.1260822671567662,0.001784424064680934,-0.008265823125839233,-0.0008075768710114062,-5.377871137228913e-05,-0.00023962699748887137,-8.883182212383932e-05
276,1627302540.1189318,0.0,0.02234298177063465,0.009368677623569965,-1.6299848556518555,-2.0529557345855265e-05,-1.71050159442597e-05,0.12608268559409483,0.001784424064680934,-0.005070029757916927,-0.0008075768710114062,0.00012465934499177633,0.0003132991395190293,0.000185516506335784
277,1627302540.1318495,0.0,0.022333314642310143,0.00933773536235094,-1.6300077438354492,-2.2739680361434644e-05,-1.687559889922141e-05,0.12608285780100337,0.000719159550499171,-0.005070029757916927,0.00025768758496269584,-4.368306942452718e-06,0.0004522482176849794,3.175453747932198e-05
278,1627302540.1388826,0.0,0.022336699068546295,0.009305515326559544,-1.630002737045288,-2.159603994308229e-05,-9.260566470280923e-06,0.12608341137932355,-0.000346104905474931,-0.004004765301942825,-0.0029381057247519493,-2.7050208551098246e-05,0.00031783950994427923,8.104931415895196e-05
279,1627302540.1490939,0.0,0.02234514430165291,0.009310347959399223,-1.6299999952316284,-2.1868759080174993e-05,-1.4664550296559359e-05,0.12608233256267523,0.006045481655746698,-0.006135294213891029,0.004518745467066765,4.0606637626945246e-05,0.00015443030735035572,5.0825696775613995e-05
280,1627302540.1591334,0.0,0.022333500906825066,0.00935119204223156,-1.6299934387207031,-2.0352158967403e-05,-1.4420548362484992e-05,0.1260838539123284,0.000719159550499171,0.007713143713772297,0.003453481011092663,5.2029405586338555e-05,-0.00013037800068567643,-7.861282085152633e-06
