,time,gait,r,p,y,x,y,z,wx,wy,wz,vx,vy,vz
0,1622043837.7599428,0.0,0.0,0.0,0.0,0.0,0.0,0.0,0.0,0.0,0.0,0.0,0.0,0.0
1,1622043837.8400576,0.0,-0.004648482892662287,-0.06870177388191223,-0.10921481251716614,4.347112070937631e-07,-1.3503007912016307e-06,0.06565403017291249,0.0037088242825120687,-0.0038506193086504936,-0.000963531609158963,-9.755282551356047e-05,0.00011132394511153776,-0.00012835071788720135
2,1622043837.8496478,0.0,-0.004646710120141506,-0.06869634985923767,-0.10924297571182251,-2.2355393239359422e-07,-1.4596573318648165e-06,0.06565704978520807,-0.0037480269093066454,0.00041043851524591446,-0.007355118170380592,-7.92953300163991e-05,3.4562004109461054e-05,8.878851140602647e-05
3,1622043837.8593957,0.0,-0.00466422364115715,-0.06871794909238815,-0.10924428701400757,-2.110254901516173e-07,1.8511395892401028e-06,0.06565663972151192,-0.0005522335413843393,-0.005981148220598698,0.005428055301308632,-0.00013127764641866952,0.0001566313729633226,-3.716026871595175e-05
4,1622043837.8694932,0.0,-0.0046623144298791885,-0.06870343536138535,-0.10925766825675964,2.644551158510755e-06,-8.649644888114594e-07,0.06565537832057382,-0.0005522335413843393,-0.008111677132546902,0.0011669972445815802,1.3761987845046275e-05,-6.5207035210981945e-06,-7.429257176511515e-05
5,1622043837.8795905,0.0,-0.00465852115303278,-0.06875598430633545,-0.10923624038696289,-3.3666743493865336e-06,-2.6727811831134263e-07,0.06565528086903243,0.004774088971316814,-0.009176941588521004,-0.005224589258432388,-0.00015932866913694955,-9.524799831774818e-05,-4.818390289070665e-05
6,1622043837.8897362,0.0,-0.004665150307118893,-0.0687810480594635,-0.10925129055976868,-5.5171624487523885e-06,2.453051953968388e-06,0.0656566599589277,-0.004813291132450104,-0.005981148220598698,0.002232261700555682,-0.0004624891404850865,0.00017972418860264628,7.873434598130282e-05
7,1622043837.8993793,0.0,-0.004662042483687401,-0.06878073513507843,-0.10924920439720154,-5.882193863063212e-06,3.207929768211937e-07,0.06565535367978098,0.0005130309145897627,0.0025409674271941185,0.00436279084533453,-0.00022706512715735396,5.963121664768779e-05,0.00011333615907326505
8,1622043837.9093587,0.0,-0.004678970202803612,-0.06880222260951996,-0.10927286744117737,-4.771790361984829e-06,2.1183039034047835e-06,0.06565508228523541,-0.0026827624533325434,-0.0006548259407281876,-0.005224589258432388,-2.472722737891673e-05,-1.8563555435603295e-05,-2.230573268288264e-05
9,1622043837.9193516,0.0,-0.004674246069043875,-0.06874736398458481,-0.10924872756004333,-2.2291996938858527e-06,4.7209939910836107e-07,0.06565675309157144,-0.0005522335413843393,0.0036062318831682205,0.007558584213256836,0.0001243776495153987,2.135549826540811e-05,-1.3690836578131578e-06
10,1622043837.9293036,0.0,-0.004665795248001814,-0.06875915080308914,-0.1092444658279419,-3.283007560563045e-06,1.2257153992265013e-06,0.0656523756967898,-0.0037480269093066454,-0.014503263868391514,0.0011669972445815802,7.889525697298614e-05,-4.306984061088352e-05,-1.3626345259203015e-05
11,1622043837.9393873,0.0,-0.004671474918723106,-0.06877126544713974,-0.1092512309551239,-2.920118703363117e-06,3.5598305986317413e-07,0.0656554173283431,0.0026435598265379667,-0.005981148220598698,0.00010173284681513906,1.1529073016248227e-05,-0.00011998728918446052,-6.855406604171116e-05
12,1622043837.9492989,0.0,-0.004663743544369936,-0.06875114142894745,-0.10922595858573914,-2.7781596438208878e-06,-1.3430991571000694e-07,0.06565686044481608,0.0015782953705638647,0.0046714963391423225,0.006493319757282734,-1.2602573199561897e-05,-0.00016934443129627572,5.078385833042222e-06
13,1622043837.9591453,0.0,-0.004661019891500473,-0.0687049999833107,-0.10924354195594788,5.095233185370418e-08,-4.855628362929187e-07,0.06565520136016517,-0.006943820044398308,0.0046714963391423225,-0.00628985371440649,8.734422392868435e-05,-2.330293978052518e-05,-0.00020316665207686179
14,1622043837.9691207,0.0,-0.004680069629102945,-0.06869163364171982,-0.10924685001373291,1.7678531619713667e-06,4.054145581119939e-07,0.0656537602618508,0.0005130309145897627,-0.008111677132546902,-0.000963531609158963,0.0002446471014828629,2.3325527002691443e-05,-0.00014336714198450416
15,1622043837.979231,0.0,-0.004683357197791338,-0.0687180608510971,-0.10923609137535095,-2.296005221988362e-07,1.9339795576667207e-06,0.06565657247352621,-0.004813291132450104,-0.0006548259407281876,0.005428055301308632,-5.6986964435781135e-05,7.7133789643959e-05,6.817413184073313e-05
16,1622043837.9912765,0.0,-0.00469252048060298,-0.0687374398112297,-0.1092706024646759,-1.0090512195318202e-06,1.6459314563579963e-06,0.065653635553755,-0.0037480269093066454,-0.004915883764624596,-0.004159324802458286,-0.00015419546004839395,6.606832220089318e-05,6.60737094700594e-06
17,1622043837.99923,0.0,-0.004689899273216724,-0.06870666146278381,-0.10924845933914185,1.6565420777950313e-06,3.2875624657799363e-06,0.06565501441017568,0.0005130309145897627,-0.0027853548526763916,-0.002028796123340726,-3.120474820533532e-05,-2.870629552838175e-05,5.798504177828393e-05
18,1622043838.0093527,0.0,-0.004694628529250622,-0.06873740255832672,-0.10926041007041931,-1.942811682927037e-06,1.7549700308192029e-06,0.06565816438613717,-0.0016174979973584414,0.0025409674271941185,0.0011669972445815802,-0.0001409186014996867,-3.456963038354823e-05,0.00021711691513617547
19,1622043838.01916,0.0,-0.004699637647718191,-0.06872235238552094,-0.10925239324569702,5.032517476077913e-07,1.832848349439531e-06,0.06565508762102437,-0.0016174979973584414,-0.0027853548526763916,0.00436279084533453,-5.391122228244384e-05,-5.643517205732082e-05,-4.793910959196926e-05
20,1622043838.0290754,0.0,-0.004684610292315483,-0.06869473308324814,-0.10926258563995361,2.2871607062227572e-06,6.370094285945704e-07,0.06565520559509586,0.0015782953705638647,0.0025409674271941185,-0.000963531609158963,0.00013079410374181234,1.8472451347426947e-05,-0.00012195449878222209
21,1622043838.0391254,0.0,-0.004683418199419975,-0.06869722902774811,-0.10926079750061035,2.2474497537935956e-06,1.6547671840214107e-06,0.06565508269454273,-0.0016174979973584414,-0.0006548259407281876,0.00436279084533453,0.000127097563395494,-3.3098773641226e-05,9.504421645524405e-05
22,1622043838.0491967,0.0,-0.004681407008320093,-0.0687248706817627,-0.1092609167098999,5.672763635916622e-07,2.7743771068705625e-06,0.06565507290578979,-0.0026827624533325434,-0.008111677132546902,-0.002028796123340726,1.136255910447039e-05,3.929270072108884e-05,-9.362748590827041e-07
23,1622043838.0590522,0.0,-0.004681790713220835,-0.06870529055595398,-0.10924315452575684,7.395464628814907e-07,7.777047470389209e-07,0.06565370641017304,-0.0026827624533325434,0.007867289707064629,-0.004159324802458286,-0.00011137901274635691,5.578781305057383e-06,-0.00012144827343600154
24,1622043838.069022,0.0,-0.004683079198002815,-0.06870217621326447,-0.1092359721660614,1.5041824846101504e-06,7.78983477077444e-07,0.06565214456709802,0.0026435598265379667,0.0014757029712200165,-0.000963531609158963,-2.1350456956677813e-05,-5.559920543460317e-05,-5.197691654864373e-05
25,1622043838.079208,0.0,-0.00470920791849494,-0.06871204823255539,-0.10924491286277771,1.8260458849658767e-06,2.4719694550409677e-06,0.06565344589588404,-0.0026827624533325434,-0.004915883764624596,0.003297526156529784,7.4580478327399945e-06,5.514673823748558e-05,-3.7803609204738454e-06
26,1622043838.0891824,0.0,-0.0046991221606731415,-0.06870494037866592,-0.10924747586250305,7.216634712869929e-07,1.7871356637333413e-06,0.06565646268064276,0.0015782953705638647,-0.0006548259407281876,0.007558584213256836,-4.7064356154841854e-05,4.35952410908518e-05,0.00012499314171385373
27,1622043838.099256,0.0,-0.0047050840221345425,-0.06870702654123306,-0.10923075675964355,-1.7830424983711346e-07,2.4317634035528335e-06,0.06565486795725169,-0.0005522335413843393,-0.0038506193086504936,0.003297526156529784,-4.8787502737099555e-05,2.19843909069415e-05,2.7716923827760734e-05
28,1622043838.1092346,0.0,-0.0047032455913722515,-0.06869670003652573,-0.10922566056251526,7.72805615834038e-07,2.1965603375223575e-06,0.06565480532661641,0.0026435598265379667,0.0014757029712200165,-0.000963531609158963,-3.399248646227174e-05,4.9016675165303365e-05,-4.209530160309965e-06
29,1622043838.119196,0.0,-0.004692062269896269,-0.06869853287935257,-0.10922226309776306,2.275705458729127e-06,3.336499010714311e-06,0.06565627247374008,0.0058393534272909164,0.0046714963391423225,-0.000963531609158963,3.1770307275834086e-05,-1.8114803577439632e-07,8.902228887070617e-05
30,1622043838.1292717,0.0,-0.0046806237660348415,-0.06870780140161514,-0.10919871926307678,2.036755742312879e-06,1.6210214814696422e-06,0.06565511036812788,0.0015782953705638647,-0.010242206044495106,0.003297526156529784,6.061592481627564e-05,-6.077000015515926e-05,1.3888914073864025e-06
31,1622043838.1392012,0.0,-0.004703639540821314,-0.06868201494216919,-0.10919469594955444,1.823290626527807e-06,3.208480090562127e-06,0.06565627260785743,0.0015782953705638647,0.0014757029712200165,0.0011669972445815802,-1.3375371043015967e-05,-4.5827326057799447e-05,-2.5193252010787273e-05
32,1622043838.1489694,0.0,-0.004691460635513067,-0.0686677098274231,-0.1092110276222229,2.877113868170189e-06,2.153903892410103e-06,0.06565643836427909,-0.009074348956346512,0.0046714963391423225,-0.000963531609158963,2.807760784978021e-05,8.693127692122209e-06,7.0741297721073925e-06
33,1622043838.1590807,0.0,-0.004667389206588268,-0.06865061819553375,-0.10920512676239014,4.475580545566793e-06,-6.738870932110341e-07,0.06565532720697773,-0.0026827624533325434,-0.0017200903967022896,0.00010173284681513906,8.127244756627303e-05,-0.0001327927942971354,1.593470157341063e-05
34,1622043838.169188,0.0,-0.004671406000852585,-0.06867264211177826,-0.10920321941375732,1.1316182971232713e-06,6.041005628371066e-08,0.06565678132807029,0.004774088971316814,-0.013437998481094837,-0.007355118170380592,-3.345200764217078e-05,-5.3737174567992823e-05,2.681013120940472e-05
35,1622043838.1793325,0.0,-0.0046426355838775635,-0.06867855042219162,-0.10921099781990051,2.566951935747963e-06,-7.660839745765591e-07,0.06565398813141465,-0.0016174979973584414,-0.0070464126765728,-0.004159324802458286,-0.00011493641355501268,-3.363843956159468e-05,1.3422915529968387e-07
36,1622043838.1890914,0.0,-0.004651328548789024,-0.06869924068450928,-0.10921013355255127,4.1587782488583525e-07,-1.407957484052258e-06,0.06565698614380423,0.0026435598265379667,-0.0027853548526763916,-0.003094060579314828,-0.0001283600846207574,-2.7101697073094705e-05,6.477500626111607e-05
37,1622043838.1991973,0.0,-0.004636474419385195,-0.06873227655887604,-0.109220951795578,-9.903698221375157e-07,4.4694584019899786e-08,0.06565840174138897,0.0037088242825120687,-0.011307470500469208,0.002232261700555682,-0.00020148179218114514,2.7763793757392983e-05,6.260430253628529e-05
38,1622043838.2094078,0.0,-0.004638423211872578,-0.06874565780162811,-0.10923618078231812,-2.275654939508376e-06,-1.7618356241075328e-06,0.06565718631281661,0.0015782953705638647,-0.005981148220598698,0.002232261700555682,-0.00014581150339548817,-6.574521242431188e-05,-4.9797023194988794e-05
39,1622043838.2192495,0.0,-0.004645222332328558,-0.06874352693557739,-0.10925891995429993,-2.0421946083926112e-06,-2.4310302089644575e-06,0.06565424429304065,-0.0016174979973584414,0.0025409674271941185,0.00436279084533453,-0.0001448370606966121,-8.400458828258972e-05,-9.23653791016938e-05
40,1622043838.229134,0.0,-0.004628602880984545,-0.06870771199464798,-0.1092761754989624,1.0527838913698684e-06,-4.119921187664688e-06,0.06565588931993721,-0.0005522335413843393,-0.0006548259407281876,0.005428055301308632,0.00011601977612847757,-1.754409766355305e-05,-9.165183284485205e-05
41,1622043838.2391002,0.0,-0.004648946691304445,-0.06872456520795822,-0.10930493474006653,-2.44792795547899e-07,-3.8183576997474766e-07,0.06565684003329311,0.0015782953705638647,-0.005981148220598698,-0.004159324802458286,7.482948385059087e-05,2.8221340072935927e-05,0.00017613818591493747
42,1622043838.2492712,0.0,-0.004652504343539476,-0.06868667900562286,-0.1092802882194519,3.060050856533436e-06,-1.4891535900993236e-06,0.0656525645518839,0.0005130309145897627,0.00041043851524591446,0.008623848669230938,2.43463885124631e-05,4.831950063637975e-05,-5.886690553438122e-05
43,1622043838.2593353,0.0,-0.00464599346742034,-0.06868434697389603,-0.10932296514511108,3.1348379812418115e-06,4.954101463783278e-08,0.06565699697348483,-0.0016174979973584414,0.0036062318831682205,-0.004159324802458286,9.485966050642943e-05,-1.9901661128484588e-05,-2.1869608977270263e-05
44,1622043838.2693532,0.0,-0.004660437814891338,-0.06864231079816818,-0.10931015014648438,5.402182650451892e-06,8.169263284937833e-07,0.06565657870102651,-0.0016174979973584414,0.006802025251090527,0.005428055301308632,2.974208875188805e-05,3.267178272660193e-05,0.00016844400999699085
45,1622043838.279264,0.0,-0.0046662697568535805,-0.06864289939403534,-0.10931757092475891,5.149781559153632e-06,1.3777494017527814e-06,0.06565488586780768,-0.0016174979973584414,-0.005981148220598698,0.002232261700555682,0.00010951494866224352,-1.2207621124436623e-05,-0.0001741988700966722
46,1622043838.2891016,0.0,-0.004677381832152605,-0.06862778961658478,-0.10932707786560059,6.488046338549991e-06,-2.5364859502358117e-07,0.06565518733451828,0.0015782953705638647,-0.0038506193086504936,-0.002028796123340726,6.280476173139719e-05,-1.644085944137998e-05,-7.029472847955069e-05
47,1622043838.299197,0.0,-0.0047059981152415276,-0.06860945373773575,-0.10931110382080078,8.489551742575652e-06,1.3112721141197992e-06,0.06565490278522398,-0.0005522335413843393,-0.0027853548526763916,0.00436279084533453,0.00011384100121476364,3.424723103337053e-05,-1.211291069697583e-05
48,1622043838.3093426,0.0,-0.004694874864071608,-0.06862557679414749,-0.1093246340751648,7.48144486468344e-06,6.750128195773253e-07,0.06565502971232018,-0.0026827624533325434,0.0025409674271941185,-0.004159324802458286,-7.829696848741589e-06,3.575000701522297e-05,-1.546551127801298e-05
49,1622043838.3194041,0.0,-0.004694109782576561,-0.06861074268817902,-0.10932248830795288,7.70648893274467e-06,1.6990488802132164e-06,0.06565627266212187,0.0026435598265379667,-0.0017200903967022896,-0.003094060579314828,-4.635704230068869e-05,1.8980731041987787e-05,0.00010181507075116537
50,1622043838.3291502,0.0,-0.004668670240789652,-0.06861796975135803,-0.10930553078651428,6.154384300266491e-06,2.905546190659636e-07,0.06565373654959557,-0.0016174979973584414,-0.0017200903967022896,0.00436279084533453,-3.661877337113099e-05,-7.052536738277204e-05,-7.578373265529589e-05
51,1622043838.339377,0.0,-0.004674860276281834,-0.06855927407741547,-0.10926833748817444,1.0276871399976517e-05,4.951718948972839e-07,0.06565184281637695,0.0015782953705638647,0.00893255416303873,0.006493319757282734,5.359130728029994e-05,-6.028343820567723e-05,-0.0006419543327948487
52,1622043838.3492322,0.0,-0.00468833465129137,-0.06855981796979904,-0.10928240418434143,9.798366910430956e-06,1.786705598680327e-07,0.06565487319711226,0.0026435598265379667,-0.0017200903967022896,0.0011669972445815802,0.00019564150114469077,0.00010427567956060542,-0.00038948399111340276
53,1622043838.3592255,0.0,-0.004682735074311495,-0.0685761347413063,-0.10928559303283691,9.725162581825098e-06,8.75649567085024e-07,0.06565349768870898,-0.004813291132450104,0.0014757029712200165,0.002232261700555682,-5.075622477174419e-05,1.2861597984377433e-05,0.00015052909983284077
54,1622043838.369439,0.0,-0.004701203666627407,-0.0685623288154602,-0.10929858684539795,1.0274225659905045e-05,1.847241451136128e-06,0.06565784742370905,0.0026435598265379667,-0.0038506193086504936,0.00968911312520504,-7.521408598033758e-06,2.77075961620929e-05,2.0667148885326286e-05
55,1622043838.379133,0.0,-0.004694262053817511,-0.06853955239057541,-0.10930940508842468,1.1672890397398938e-05,1.5717920152924503e-07,0.06565795034528783,-0.0026827624533325434,-0.0027853548526763916,-0.002028796123340726,9.452901318001151e-05,-3.6482028594366594e-05,2.8587334110537013e-05
56,1622043838.389332,0.0,-0.004678684286773205,-0.06852956116199493,-0.10932350158691406,1.3361143729115343e-05,-1.0354187120753533e-06,0.06565492719117624,-0.0005522335413843393,-0.005981148220598698,-0.000963531609158963,9.491845559787761e-05,-0.00012021810930813411,-7.283133998822907e-05
57,1622043838.3993776,0.0,-0.004698696546256542,-0.06854294240474701,-0.10933125019073486,1.1780680105488717e-05,3.9895326824079813e-07,0.06565487769802336,-0.0037480269093066454,-0.0027853548526763916,0.00010173284681513906,7.71311130775957e-06,2.81844182937068e-05,-2.5830213590420133e-05
58,1622043838.40904,0.0,-0.0047132219187915325,-0.06853538006544113,-0.10935065150260925,1.433239778035611e-05,3.2659792775016627e-06,0.06565588701248368,0.0005130309145897627,-0.0027853548526763916,0.002232261700555682,-2.635361749125766e-05,0.000199066894399596,6.237428102441763e-05
59,1622043838.4206645,0.0,-0.004703702870756388,-0.06854261457920074,-0.10935744643211365,1.3282444168982721e-05,5.833100528845891e-07,0.06565485258159741,0.0026435598265379667,-0.008111677132546902,-0.000963531609158963,3.08099872106248e-05,7.050767648869404e-05,2.377933924778507e-05
60,1622043838.4290767,0.0,-0.00468356953933835,-0.06855117529630661,-0.10936510562896729,1.2389320797639991e-05,3.930142838878825e-07,0.06565654219804405,-0.0026827624533325434,-0.004915883764624596,-0.000963531609158963,-0.0002306583733102143,-0.00015160699649885878,8.176548443959533e-06
61,1622043838.439094,0.0,-0.004679451230913401,-0.06858909130096436,-0.10937154293060303,1.0439861018451957e-05,1.5016916075985542e-06,0.06565498972776745,0.0069046178832650185,-0.010242206044495106,-0.000963531609158963,-0.0003339097482581512,-0.00010516052197436963,0.00015505491980533418
62,1622043838.4490795,0.0,-0.00467324024066329,-0.06858012825250626,-0.10937285423278809,9.879236042585615e-06,-1.0581279287699696e-06,0.06565658199188226,0.0037088242825120687,-0.0017200903967022896,-0.002028796123340726,-0.00024499990754612633,-0.00010787811568242885,0.00019093001133444558
63,1622043838.4590812,0.0,-0.004685724154114723,-0.06857570260763168,-0.10938599705696106,9.858893477050767e-06,-2.553887631928653e-07,0.06565496781630456,0.0015782953705638647,-0.0070464126765728,0.002232261700555682,-5.329023201022856e-05,-6.823329241432842e-05,-2.8997357437196103e-05
64,1622043838.468955,0.0,-0.004700656048953533,-0.06858175247907639,-0.10938620567321777,1.022726218786324e-05,1.8892680374513193e-06,0.06565317052555406,-0.006943820044398308,0.0036062318831682205,0.005428055301308632,-9.558803034021457e-07,6.497952241349097e-05,-4.359359965834509e-05
65,1622043838.4791589,0.0,-0.004686745814979076,-0.06859499961137772,-0.10940372943878174,9.00282130909813e-06,-2.3019127953077811e-07,0.06565488826277507,0.0026435598265379667,-0.0070464126765728,0.002232261700555682,-3.190503394274646e-05,1.0267205315156729e-05,5.395267902530285e-06
66,1622043838.4892094,0.0,-0.004708381369709969,-0.06859608739614487,-0.10941359400749207,8.910638539770532e-06,3.7410332110604516e-07,0.06565342900701045,0.0037088242825120687,-0.005981148220598698,0.00436279084533453,-7.779309672309793e-05,2.9223912382083768e-05,7.835017997492123e-05
67,1622043838.4990838,0.0,-0.0047056362964212894,-0.06859012693166733,-0.10940945148468018,9.834155562160607e-06,1.0391269602352815e-06,0.06565627422128147,-0.010139613412320614,-0.0006548259407281876,0.002232261700555682,-3.7032995973905136e-05,6.303671187395109e-05,9.997749497989924e-05
68,1622043838.5090744,0.0,-0.004697246011346579,-0.06861221790313721,-0.10942324995994568,8.822360260063444e-06,5.483096820121935e-07,0.06565939535682133,0.0026435598265379667,0.0025409674271941185,0.003297526156529784,-6.681050542912801e-05,1.9554522973783822e-05,6.771173216731633e-05
69,1622043838.5189242,0.0,-0.004675589967519045,-0.06859035789966583,-0.10943302512168884,9.96242299566158e-06,1.1150841874169037e-07,0.06565643268798829,0.0026435598265379667,0.0036062318831682205,-0.002028796123340726,-1.4201198288912859e-05,-5.213648267266526e-05,-7.88260841181418e-05
70,1622043838.5291605,0.0,-0.0046769967302680016,-0.06859936565160751,-0.10944506525993347,9.433628240025638e-06,3.465872759969568e-07,0.06565644512527338,-0.0026827624533325434,-0.0027853548526763916,-0.004159324802458286,4.8711308111246506e-05,-1.4699433630139154e-05,-5.095116314427765e-05
71,1622043838.538965,0.0,-0.004683142062276602,-0.06861209869384766,-0.10948184132575989,8.925192669241577e-06,-4.20708391943303e-07,0.06565651934842955,-0.0016174979973584414,-0.005981148220598698,0.00010173284681513906,-0.0001138452145902103,6.431835821751642e-06,0.00017733773263385879
72,1622043838.5490408,0.0,-0.0046825772151350975,-0.06865880638360977,-0.10950985550880432,6.5260438918343655e-06,9.521351087768415e-07,0.06565659886012626,0.0005130309145897627,-0.0070464126765728,-0.002028796123340726,-0.00021697916238382,3.787023874795512e-05,8.607238236051345e-05
73,1622043838.5591264,0.0,-0.004692562855780125,-0.06865588575601578,-0.1095048189163208,7.121014034459916e-06,-7.843190757209073e-07,0.06565517583623533,-0.0016174979973584414,-0.0038506193086504936,0.003297526156529784,-0.00011983769765809844,6.61201401520788e-05,4.1505563230547945e-05
74,1622043838.5690634,0.0,-0.004670297261327505,-0.06864374130964279,-0.10950213670730591,7.06494723519413e-06,6.6325728513561e-08,0.06565658951462208,-0.004813291132450104,-0.005981148220598698,-0.008420382626354694,4.14133074037449e-05,-3.419642321320341e-05,-2.3570195344792974e-05
75,1622043838.583823,0.0,-0.004680210258811712,-0.06861034035682678,-0.10948404669761658,9.94401262871536e-06,1.422224878838696e-06,0.06565480340422979,0.0005130309145897627,0.00041043851524591446,0.0011669972445815802,5.928695508720954e-05,3.517245724056804e-05,-5.722931528603766e-05
76,1622043838.5947094,0.0,-0.004676693119108677,-0.0686609297990799,-0.109508216381073,6.813361255832151e-06,5.6176511858963e-07,0.06565200892750842,0.0058393534272909164,-0.009176941588521004,-0.004159324802458286,-6.748214787575301e-05,5.9922722212190124e-05,-9.927933608615874e-05
77,1622043838.6070075,0.0,-0.004667395725846291,-0.06862789392471313,-0.10950380563735962,8.217036945305789e-06,-3.275765011537257e-07,0.06565352132773883,-0.004813291132450104,-0.0017200903967022896,-0.000963531609158963,-0.0001094241058415032,-4.2769773555382676e-05,2.0830445583289967e-05
78,1622043838.6172757,0.0,-0.004683610983192921,-0.06861962378025055,-0.10950443148612976,9.423526781404679e-06,6.131766542988304e-07,0.06565483946372137,0.0015782953705638647,0.0014757029712200165,0.00436279084533453,6.24483110991778e-05,9.21412272570038e-06,6.842771777546717e-05
79,1622043838.6253884,0.0,-0.004662949591875076,-0.0686243399977684,-0.10948485136032104,7.731497173646407e-06,-5.950686679800921e-07,0.06565829108166202,0.0058393534272909164,-0.009176941588521004,0.0011669972445815802,-2.8088644127118244e-06,2.1855903789652957e-05,0.00011769295113571761
80,1622043838.6332433,0.0,-0.00466472702100873,-0.06868062168359756,-0.10951435565948486,6.1072518329902126e-06,-1.3727073935321243e-06,0.06565383980492556,-0.0016174979973584414,0.00041043851524591446,0.0011669972445815802,-0.0003535435858249174,-6.03388069247996e-05,0.00024537917248918087
81,1622043838.6432858,0.0,-0.0046770768240094185,-0.06868015229701996,-0.10951992869377136,5.6713272684610905e-06,-5.105324258139476e-07,0.06565526391828458,0.0026435598265379667,-0.0027853548526763916,0.0011669972445815802,-0.0003062814415061259,6.66585763939895e-05,9.868833346716752e-05
82,1622043838.6532166,0.0,-0.0046697999350726604,-0.06868911534547806,-0.10950389504432678,4.007959285845519e-06,-7.823785111854553e-07,0.0656567339862788,0.0026435598265379667,0.0046714963391423225,0.0011669972445815802,-0.00015040344265482956,7.029146302232737e-05,0.00015838648225202648
83,1622043838.6631386,0.0,-0.004680181387811899,-0.06867018342018127,-0.1094987690448761,5.247458400373106e-06,-1.0180584063268494e-07,0.0656535272864611,0.0026435598265379667,0.0046714963391423225,0.00968911312520504,-8.408871062204965e-05,2.10271085447871e-05,6.522756586027508e-06
84,1622043838.6754315,0.0,-0.004665424581617117,-0.06865563243627548,-0.1095021665096283,6.1422112871203915e-06,-1.3031377082556306e-06,0.06565674079724274,-0.0005522335413843393,-0.004915883764624596,-0.003094060579314828,7.973033490324581e-05,-2.5575083711896527e-05,-2.8280121455979274e-05
85,1622043838.6882973,0.0,-0.004677415359765291,-0.06863164901733398,-0.10952046513557434,8.884145395134102e-06,1.3150090617808363e-06,0.0656548540341611,0.0005130309145897627,-0.0070464126765728,0.0011669972445815802,0.00013493795519044485,-3.992254382156903e-06,2.1009193197640308e-05
86,1622043838.7008762,0.0,-0.0046608299016952515,-0.0686395987868309,-0.10954129695892334,7.893274007179929e-06,-1.875509917391438e-06,0.06565978322532838,-0.004813291132450104,-0.005981148220598698,-0.003094060579314828,6.270037728405421e-05,-1.8197974502968728e-06,0.00013561954266273733
87,1622043838.7149444,0.0,-0.004653754644095898,-0.06861228495836258,-0.10954010486602783,9.753214276791988e-06,-2.6214817116163025e-06,0.06565699240296419,0.0058393534272909164,-0.0070464126765728,0.0011669972445815802,-1.1846656195332753e-05,-8.204671860527765e-05,0.00010704203873291723
88,1622043838.728456,0.0,-0.004634776618331671,-0.06863144040107727,-0.10953482985496521,7.906336349672305e-06,-2.3998890025939135e-06,0.06565692551132624,-0.0005522335413843393,-0.004915883764624596,-0.002028796123340726,-3.935522305346946e-05,-8.45766122155333e-06,-0.00015295614818507908
89,1622043838.738173,0.0,-0.004658493213355541,-0.06862290948629379,-0.10953378677368164,9.114976554508436e-06,-8.67153898069517e-07,0.0656563935755421,0.0015782953705638647,-0.010242206044495106,0.006493319757282734,1.4483716353630598e-06,0.00017910274938573692,7.676734687099894e-05
90,1622043838.7455735,0.0,-0.0046510957181453705,-0.06862001121044159,-0.10952657461166382,8.956941786715522e-06,-1.544650079864096e-06,0.0656567792305626,0.0069046178832650185,-0.0017200903967022896,-0.002028796123340726,-3.890587121794577e-05,-2.1077185329356085e-06,0.0002055063232329173
91,1622043838.7554305,0.0,-0.004643070511519909,-0.06860116124153137,-0.1095162034034729,9.624587819154207e-06,-1.9988602775328213e-06,0.06565545667217274,0.0026435598265379667,0.00041043851524591446,-0.002028796123340726,-0.00019831870440494578,-0.0002958444863420398,0.0003168341827038302
92,1622043838.7655509,0.0,-0.0046574873849749565,-0.06859873980283737,-0.10952094197273254,1.0979653762420438e-05,-1.3169003990204375e-06,0.0656553088548271,0.0026435598265379667,-0.005981148220598698,-0.003094060579314828,-3.644383532113861e-05,-6.22787937861211e-05,0.0001228112609462922
93,1622043838.7755182,0.0,-0.004644554108381271,-0.06858856976032257,-0.10951396822929382,1.0619989573516786e-05,-2.0921279383703806e-06,0.0656567359826924,-0.0037480269093066454,0.0014757029712200165,-0.003094060579314828,7.183009970250554e-05,1.0843932252979333e-05,9.475645757166475e-05
94,1622043838.7855396,0.0,-0.004646336194127798,-0.06858200579881668,-0.10951864719390869,1.0957543695379324e-05,-3.107016441156185e-06,0.06565684860679319,0.0026435598265379667,-0.0027853548526763916,0.006493319757282734,4.592904658521121e-05,-6.90192922496936e-05,6.106829245173777e-05
95,1622043838.79544,0.0,-0.004660068545490503,-0.06854772567749023,-0.10948160290718079,1.3414335997552485e-05,-1.378368078688852e-06,0.06565374134668187,0.0005130309145897627,-0.0027853548526763916,-0.000963531609158963,9.210091004748435e-05,5.243164515036308e-05,-0.0001289601311189032
96,1622043838.8055053,0.0,-0.004654149524867535,-0.06850317865610123,-0.10948863625526428,1.6161347660824388e-05,-9.741505437657616e-07,0.06565648913827543,-0.0005522335413843393,0.006802025251090527,0.003297526156529784,0.0001390450806507825,4.508901470225838e-05,-8.43942272823955e-05
97,1622043838.8154647,0.0,-0.004631051793694496,-0.06849852204322815,-0.10950076580047607,1.5377414978548498e-05,-4.463083239959753e-06,0.06565689113430588,0.0026435598265379667,0.0036062318831682205,0.00436279084533453,9.80665213165531e-05,-0.0001603130896323567,0.00012689649229697628
98,1622043838.825482,0.0,-0.004627811722457409,-0.06851355731487274,-0.1095018982887268,1.5734633458594494e-05,-4.840593335206367e-06,0.06565540996943986,0.0026435598265379667,-0.0027853548526763916,0.007558584213256836,2.0986781025085912e-05,-0.00015413845728218185,8.191815897622022e-06
99,1622043838.8354516,0.0,-0.004627743270248175,-0.06852497160434723,-0.10951173305511475,1.457799291523093e-05,-3.525416769852019e-06,0.06565382579272676,0.0026435598265379667,-0.009176941588521004,-0.002028796123340726,-1.0939715120001884e-05,2.386506226365567e-05,-9.846424622518346e-05
100,1622043838.845493,0.0,-0.004636203870177269,-0.06853175908327103,-0.1095011830329895,1.4450166071725001e-05,-4.186620104991434e-06,0.06565712386604958,0.0026435598265379667,-0.0017200903967022896,0.005428055301308632,-7.965353346795722e-05,5.487176482775037e-05,-1.9761872549015817e-05
101,1622043838.855503,0.0,-0.004657517187297344,-0.06853537261486053,-0.1095249354839325,1.4766211866197587e-05,-2.8041851301841003e-06,0.06565514170232153,-0.004813291132450104,-0.0070464126765728,0.002232261700555682,-8.158923888637812e-05,-1.6782928113768463e-05,4.0720130776701815e-05
102,1622043838.8654659,0.0,-0.004660916980355978,-0.06858272850513458,-0.10955396294593811,1.1188556245794734e-05,-1.0216048262276511e-06,0.06565223288093927,0.0037088242825120687,0.00041043851524591446,-0.002028796123340726,-0.00020338467565058155,0.0001060509541246904,-7.530896044853096e-05
103,1622043838.8754702,0.0,-0.004662008490413427,-0.0685967355966568,-0.10956907272338867,1.212094808774461e-05,-2.1190851333813265e-06,0.06565378509252154,-0.0016174979973584414,-0.009176941588521004,-0.003094060579314828,-0.00014161225721763147,3.004880920617628e-05,-6.748226436682992e-06
104,1622043838.885445,0.0,-0.004670782946050167,-0.06862367689609528,-0.10957881808280945,9.268310776230915e-06,-1.6828393516188367e-07,0.06565645111605978,0.0037088242825120687,-0.004915883764624596,0.002232261700555682,-0.000130317793942008,4.573573151819634e-06,0.00020420887578195983
105,1622043838.8955553,0.0,-0.004675602540373802,-0.06862760335206985,-0.10957896709442139,7.823134046028302e-06,3.8016008141461555e-07,0.06565657048530307,0.0015782953705638647,0.00041043851524591446,0.008623848669230938,-0.00018514062086450543,0.00012345890183086154,-1.3982629853108721e-05
106,1622043838.9055037,0.0,-0.004679275210946798,-0.06863979250192642,-0.10956618189811707,7.629448696477859e-06,-5.908625176215265e-07,0.06565501088614703,0.0005130309145897627,0.00041043851524591446,-0.004159324802458286,-8.544008024383261e-05,-3.527209032496108e-06,-4.358224608101496e-05
107,1622043838.9155045,0.0,-0.004684054292738438,-0.06861943751573563,-0.1095535159111023,9.147253859427551e-06,-4.6334630457445236e-07,0.06565651834186217,0.0005130309145897627,0.007867289707064629,-0.000963531609158963,-2.353362517507847e-05,1.2205718292869744e-05,5.610776208579432e-05
108,1622043838.9255474,0.0,-0.004695387091487646,-0.06862057000398636,-0.10957711935043335,1.0007572221137906e-05,1.5470125253741474e-07,0.06565486198926514,0.0026435598265379667,-0.009176941588521004,-0.004159324802458286,0.0001011454417764009,5.0772314673535284e-05,-3.195375363792743e-05
109,1622043838.9355378,0.0,-0.0047000073827803135,-0.06862393766641617,-0.10957404971122742,9.327340054487987e-06,1.6344490151032343e-06,0.06565622896607409,0.00796988233923912,-0.0027853548526763916,0.003297526156529784,-1.4764431252211435e-05,7.663178093838958e-05,-8.10403087890238e-05
110,1622043838.9455144,0.0,-0.004691349342465401,-0.06860630959272385,-0.10955378413200378,9.76996753139503e-06,1.1028190058867682e-06,0.06565490804683444,0.0058393534272909164,0.0036062318831682205,0.00436279084533453,-3.958308854021969e-05,2.345735981815002e-05,-1.980560808014735e-05
111,1622043838.9555776,0.0,-0.0046906317584216595,-0.06858120858669281,-0.10955917835235596,1.3231554735183837e-05,-5.001570246923603e-07,0.06565347707687337,0.0015782953705638647,0.00041043851524591446,-0.000963531609158963,9.262543562816236e-05,4.9919362382874394e-05,4.856913359455328e-05
112,1622043838.9654794,0.0,-0.004703872837126255,-0.06857181340456009,-0.10955354571342468,1.1912216701048806e-05,1.7623116209189438e-06,0.06565459605832233,-0.0005522335413843393,-0.0006548259407281876,0.003297526156529784,4.098479168720661e-05,9.993070211231859e-05,8.655030456116103e-05
113,1622043838.9758623,0.0,-0.004672425799071789,-0.06855759769678116,-0.10955747961997986,1.313047546374485e-05,-1.6712336471866318e-06,0.06565656547758682,0.0026435598265379667,0.0014757029712200165,0.003297526156529784,-2.2115329646676967e-05,-0.0001234374356621583,-3.1054584169620584e-06
114,1622043838.9855058,0.0,-0.0046823532320559025,-0.06854953616857529,-0.10952883958816528,1.34570303380252e-05,-1.0223126344355293e-06,0.06565645905725592,-0.0005522335413843393,-0.0006548259407281876,0.0011669972445815802,3.8291336608321365e-05,-0.00012829322407659132,8.174259548302203e-05
115,1622043838.9955342,0.0,-0.004704809281975031,-0.0685589611530304,-0.10954171419143677,1.2746936817104038e-05,1.5807610039345055e-06,0.0656547024194715,0.0026435598265379667,-0.0017200903967022896,-0.000963531609158963,-6.146310880947239e-06,0.00012170639495329526,6.293911133290771e-05
116,1622043839.0055509,0.0,-0.004691868554800749,-0.06855479627847672,-0.10954180359840393,1.39306099914277e-05,-4.697734772990403e-07,0.06565482504384923,0.0037088242825120687,-0.008111677132546902,-0.013746704906225204,-1.5068186749005884e-05,2.851085681787734e-05,-1.9185583144879912e-05
117,1622043839.015586,0.0,-0.004685840103775263,-0.06853349506855011,-0.10953447222709656,1.6037053305266447e-05,1.6405162956562025e-07,0.06565463833862806,0.0026435598265379667,-0.005981148220598698,0.0011669972445815802,8.19883206604765e-05,-8.396048295854284e-05,4.651865082460851e-05
118,1622043839.0256445,0.0,-0.004706269595772028,-0.06850343942642212,-0.1095273494720459,1.7864705014990212e-05,2.2447155053201273e-06,0.06565749190502077,0.0026435598265379667,0.006802025251090527,0.00436279084533453,0.0001329868457695128,7.570287947160028e-05,0.00011151550547749559
119,1622043839.0354753,0.0,-0.00470455177128315,-0.06848695129156113,-0.10952666401863098,1.8310913101150794e-05,-1.0004497490861963e-07,0.06565462618032598,0.0015782953705638647,-0.005981148220598698,-0.002028796123340726,0.0001142769411046636,4.741143724038467e-05,9.482751680016347e-05
120,1622043839.0455513,0.0,-0.004707846324890852,-0.06847448647022247,-0.10954299569129944,1.884154487910572e-05,1.1379178804990508e-06,0.06565598897111428,0.0005130309145897627,-0.004915883764624596,-0.010550911538302898,7.022917038627161e-05,-5.704780433197413e-05,4.055297729567558e-05
121,1622043839.0554883,0.0,-0.004706995561718941,-0.06848973035812378,-0.10954433679580688,1.8456577507874883e-05,2.1390831412212985e-06,0.06565618518074691,-0.0016174979973584414,-0.0070464126765728,-0.011616175994277,-8.696889612579416e-05,3.2357153565221685e-05,0.00021961147005883884
122,1622043839.0655217,0.0,-0.004716811235994101,-0.06847161054611206,-0.10954686999320984,1.912546139089255e-05,1.6703947790311369e-06,0.0656559755181931,0.0015782953705638647,-0.005981148220598698,0.002232261700555682,-8.17208503020341e-05,-6.421784020812894e-06,9.817012566102082e-05
123,1622043839.075549,0.0,-0.00473124161362648,-0.06848977506160736,-0.10953760147094727,1.8441315316836127e-05,1.6303005533138681e-06,0.0656543667017357,0.0005130309145897627,-0.004915883764624596,-0.00628985371440649,-2.1032633383215747e-05,1.3574674787615962e-05,-8.913046713605321e-05
124,1622043839.0855153,0.0,-0.004735931754112244,-0.06849811971187592,-0.1095593273639679,1.832480512687501e-05,3.171553816912198e-06,0.06565420188890671,-0.0026827624533325434,-0.008111677132546902,-0.003094060579314828,-8.120436362824716e-05,3.308419800393484e-05,-8.374468900500921e-06
125,1622043839.0955365,0.0,-0.004715537186712027,-0.06851048022508621,-0.10954681038856506,1.639670764592982e-05,3.133950163415611e-06,0.06565425713099318,-0.004813291132450104,-0.0070464126765728,0.00010173284681513906,-9.141905922316846e-05,3.128580484371166e-05,2.623425216539269e-05
126,1622043839.108357,0.0,-0.0046881865710020065,-0.06850940734148026,-0.10955646634101868,1.621720476689681e-05,-1.0137213924815702e-06,0.06565788592156664,0.0058393534272909164,-0.005981148220598698,0.00010173284681513906,-0.00011256341681502989,-0.00011283845650289346,8.195399120310675e-05
127,1622043839.121922,0.0,-0.004700089804828167,-0.0684862807393074,-0.10954773426055908,1.867383578434134e-05,6.331018802332999e-07,0.06565453198952947,0.00796988233923912,-0.005981148220598698,0.002232261700555682,5.0446550843208054e-05,-0.00012046300611185542,4.445651213023152e-05
128,1622043839.1346374,0.0,-0.0047003356739878654,-0.06852133572101593,-0.10957023501396179,1.6992622694236847e-05,2.282105753786956e-06,0.06565135413004128,-0.004813291132450104,-0.0070464126765728,0.0011669972445815802,-1.571385985410077e-05,6.653976346122375e-05,-0.00010900667125120621
129,1622043839.14748,0.0,-0.004696856252849102,-0.06850256025791168,-0.10957556962966919,1.778702775057789e-05,5.847385201596111e-07,0.06565459995902881,-0.0005522335413843393,-0.011307470500469208,-0.000963531609158963,-4.285944142035492e-05,6.371229720126023e-06,3.2320349110634094e-05
130,1622043839.159832,0.0,-0.00471417186781764,-0.06855200976133347,-0.10958656668663025,1.3617032409492247e-05,-2.409993305405034e-07,0.06565788710561116,-0.0016174979973584414,-0.0027853548526763916,-0.000963531609158963,-0.00011103088229653206,-4.9493089401009445e-05,0.00018701117507666795
131,1622043839.1804607,0.0,-0.004698561504483223,-0.06855621933937073,-0.10961371660232544,1.418183409731405e-05,-1.7667662282477847e-07,0.06565638005920436,0.0005130309145897627,0.0036062318831682205,0.003297526156529784,-0.0003091891364307577,-0.00010710662819523176,0.0002679669177099038
132,1622043839.1903148,0.0,-0.004692342597991228,-0.06854554265737534,-0.10964712500572205,1.4858892473414154e-05,-1.8399927978127173e-06,0.06565647546147921,0.0015782953705638647,-0.0038506193086504936,-0.000963531609158963,-0.00012931535029347006,-0.00021778533782989694,0.00016764113286527407
133,1622043839.2004483,0.0,-0.0046973214484751225,-0.0685466006398201,-0.10964083671569824,1.578715051986368e-05,1.8914735088956802e-06,0.06565457526032556,-0.0026827624533325434,-0.009176941588521004,0.003297526156529784,3.076274712820785e-05,2.60816509240576e-05,-0.00010654649041184486
134,1622043839.2104955,0.0,-0.004725716542452574,-0.0685475766658783,-0.10964959859848022,1.4478303014681115e-05,1.640244656833656e-06,0.06565452345818927,-0.0037480269093066454,0.0057367607951164246,0.0011669972445815802,-6.5095644620382e-05,0.00017493526013196683,-4.2217472222930415e-05
135,1622043839.220255,0.0,-0.004694478586316109,-0.06851508468389511,-0.10962852835655212,1.7520961988100325e-05,2.796089788176248e-07,0.06565469658718548,0.0037088242825120687,-0.0006548259407281876,0.006493319757282734,6.791540432488401e-05,-6.051580720788702e-05,3.899402592521926e-05
136,1622043839.2304442,0.0,-0.0046883923932909966,-0.06852685660123825,-0.10963207483291626,1.6106389054991455e-05,3.3200970036423305e-07,0.06564864189751723,0.0058393534272909164,-0.004915883764624596,0.00968911312520504,6.786331259663132e-05,-5.4034880880823814e-05,-0.0001101306673642421
137,1622043839.2404313,0.0,-0.004685879219323397,-0.06850504875183105,-0.10962697863578796,1.7006447129284952e-05,-1.1311237789468631e-06,0.0656547397703109,-0.0005522335413843393,0.0036062318831682205,0.002232261700555682,-9.25466881625505e-05,-7.128262911780488e-06,-2.3700028040376245e-05
138,1622043839.250432,0.0,-0.004689697176218033,-0.06853151321411133,-0.1096646785736084,1.7389186096727904e-05,-1.1218629421896886e-06,0.0656562162708539,-0.005878555588424206,-0.004915883764624596,0.0011669972445815802,-3.743758002799616e-05,-5.697519152895362e-05,0.0003239567474896932
139,1622043839.2603643,0.0,-0.004674133379012346,-0.06850600987672806,-0.10962533950805664,1.7602526619073244e-05,-1.961757989402124e-06,0.0656562515930776,0.0069046178832650185,-0.0027853548526763916,0.005428055301308632,-3.973636084207471e-05,-1.3126427349029198e-05,9.700271472934292e-05
140,1622043839.2703707,0.0,-0.004682942293584347,-0.06849197298288345,-0.1096150279045105,1.8791147160510113e-05,-1.5308019689075358e-06,0.06565470153790412,0.0005130309145897627,-0.0070464126765728,0.00436279084533453,2.845504731981608e-05,2.147415748115774e-05,-2.229423342554901e-05
141,1622043839.2803874,0.0,-0.004693300928920507,-0.06852871924638748,-0.10962262749671936,1.756746134788656e-05,-8.915142492085804e-07,0.0656594443208547,-0.006943820044398308,-0.0070464126765728,-0.004159324802458286,0.0001359798867699236,0.00010509712876306477,0.00034224361493109264
142,1622043839.2904181,0.0,-0.00470020342618227,-0.06854194402694702,-0.10963469743728638,1.5842903387255913e-05,9.166748492148158e-07,0.06565463852949116,-0.0005522335413843393,-0.008111677132546902,0.00436279084533453,3.104436382253807e-05,0.00017939306064749112,0.00024936300511975315
143,1622043839.3003674,0.0,-0.004694675095379353,-0.0685364380478859,-0.10963913798332214,1.637200677555989e-05,1.7149723075121637e-06,0.06565463704174844,0.0069046178832650185,-0.0017200903967022896,0.0011669972445815802,-5.921120119379081e-05,0.00012239566661514044,-0.00028150354547296715
144,1622043839.3102512,0.0,-0.004708393011242151,-0.06851361691951752,-0.1096479594707489,1.7925261357909505e-05,1.151719695634268e-06,0.06565448019997949,0.0005130309145897627,-0.0006548259407281876,0.00010173284681513906,5.670503682383859e-05,-4.464564292859418e-05,-9.376334083227247e-05
145,1622043839.3203373,0.0,-0.0047326781786978245,-0.0685058981180191,-0.10966521501541138,1.7370535865479653e-05,1.845217455845316e-06,0.06565437818758806,-0.0037480269093066454,-0.004915883764624596,-0.004159324802458286,4.53056858491068e-05,-3.6110267682891896e-05,6.583775849212951e-05
146,1622043839.333392,0.0,-0.004750534426420927,-0.06853199005126953,-0.10965308547019958,1.6310719760312398e-05,3.142961571056535e-06,0.06565268504866686,-0.0005522335413843393,0.0014757029712200165,0.00436279084533453,-4.905330267084948e-05,0.00012824202801517648,8.562718294329722e-06
147,1622043839.347746,0.0,-0.004762805532664061,-0.06853576004505157,-0.10966324806213379,1.6507037517488055e-05,6.135872196243175e-06,0.06565241830509067,0.0026435598265379667,-0.0027853548526763916,-0.005224589258432388,-4.0806992220128944e-05,0.00013391405457173171,-4.874813106834141e-05
148,1622043839.3610816,0.0,-0.004755319561809301,-0.06852784752845764,-0.10967680811882019,1.854898357348672e-05,5.2143155914174955e-06,0.06565536789490499,0.0026435598265379667,0.00041043851524591446,-0.000963531609158963,1.7022116701541013e-05,8.909105222077422e-05,9.508828805330579e-05
149,1622043839.3702965,0.0,-0.004756478127092123,-0.06851457059383392,-0.10967078804969788,1.8267919127401555e-05,5.478951164553103e-06,0.06565231250808085,0.0037088242825120687,-0.004915883764624596,-0.005224589258432388,3.3874017857409095e-05,-5.621496570040619e-06,1.8117012200233424e-05
150,1622043839.3802729,0.0,-0.004744586534798145,-0.06851714104413986,-0.10967832803726196,1.746274159515615e-05,5.069400033072546e-06,0.06565090371664425,-0.0026827624533325434,0.00041043851524591446,0.00010173284681513906,-8.080859168368245e-05,-0.00010320966689722228,-6.611999434539982e-05
151,1622043839.390332,0.0,-0.004751486703753471,-0.06845957785844803,-0.10969802737236023,2.2123944049670663e-05,2.3807548151372204e-06,0.06565413442756222,0.0015782953705638647,0.00041043851524591446,0.0011669972445815802,0.0003907720115632876,-5.4005742873962346e-05,0.0003672209399922175
152,1622043839.4002428,0.0,-0.004758355673402548,-0.06847286224365234,-0.10970041155815125,2.1472729204670415e-05,3.969822612366614e-06,0.06565402188027007,0.0026435598265379667,0.006802025251090527,0.00010173284681513906,0.0004331308362914482,5.61030527425683e-05,0.0003818467835770872
153,1622043839.4103432,0.0,-0.004745315760374069,-0.06845684349536896,-0.10969427227973938,2.2356499202125235e-05,3.0209550473461744e-06,0.06565413265033612,0.0026435598265379667,-0.0017200903967022896,0.00010173284681513906,1.0762048508222615e-05,1.1136388555522113e-05,6.953838182820383e-05
154,1622043839.4205034,0.0,-0.004756567534059286,-0.06846457719802856,-0.109710693359375,2.1991510878595355e-05,2.872025862798999e-06,0.06565698314067019,0.004774088971316814,-0.009176941588521004,0.005428055301308632,1.7502192575074145e-06,-5.01123090986145e-05,-1.4505485453744476e-07
155,1622043839.4303796,0.0,-0.0047457171604037285,-0.06846693158149719,-0.10971421003341675,2.109249176068112e-05,2.14901399308437e-06,0.0656556791815556,-0.0005522335413843393,0.0057367607951164246,0.002232261700555682,-0.00011589639417795241,-1.1084332655208267e-06,-1.4423835117716404e-05
156,1622043839.4403372,0.0,-0.004765626508742571,-0.0684681087732315,-0.10971879959106445,2.202942550814241e-05,4.388917255140901e-06,0.0656538672161779,-0.0016174979973584414,0.0025409674271941185,0.00010173284681513906,-8.054917621122887e-05,9.166008506175395e-05,-8.444054537985156e-05
157,1622043839.4503286,0.0,-0.004771376959979534,-0.06847569346427917,-0.10972648859024048,2.1293766722912943e-05,4.048912248241776e-06,0.06565217758270163,0.0058393534272909164,-0.005981148220598698,0.006493319757282734,1.3310183562523574e-05,0.00014137000657916065,-6.917351097083857e-05
158,1622043839.4603105,0.0,-0.004758791998028755,-0.06846129149198532,-0.10973519086837769,2.1533450219719807e-05,4.066326294530076e-06,0.0656540086996429,0.0026435598265379667,-0.0017200903967022896,0.0011669972445815802,-1.2130941186016658e-06,-1.2336594662735863e-05,2.0546952479228247e-05
159,1622043839.470311,0.0,-0.004752162843942642,-0.06846138834953308,-0.10975021123886108,2.3035029262076512e-05,3.6005030250585435e-06,0.06565393263274433,0.0069046178832650185,-0.004915883764624596,-0.002028796123340726,5.092128291793927e-05,-7.019396691904243e-05,0.0001085110393024995
160,1622043839.4801848,0.0,-0.004760344047099352,-0.06847440451383591,-0.10976719856262207,2.3460448891093888e-05,3.982678050018507e-06,0.06565378284836751,-0.006943820044398308,-0.0017200903967022896,0.00436279084533453,6.307323885560497e-06,-8.084090355042944e-05,-6.569850200456119e-05
161,1622043839.4901555,0.0,-0.004779995419085026,-0.06849049776792526,-0.10977005958557129,2.2001320087415566e-05,5.351446352823419e-06,0.06565827320629486,-0.0016174979973584414,-0.005981148220598698,0.00436279084533453,4.1657596964150846e-05,-2.8554188603596033e-05,0.00020895300104134052
162,1622043839.5001712,0.0,-0.004770850762724876,-0.0684748962521553,-0.10977214574813843,2.2428887086374527e-05,3.7036081718469505e-06,0.06565371981820474,-0.0005522335413843393,0.0014757029712200165,-0.003094060579314828,2.25417048701934e-05,-6.643832154825797e-05,0.00026426417240512875
163,1622043839.510518,0.0,-0.00476906169205904,-0.0684896856546402,-0.10977739095687866,1.9411913271101533e-05,4.68607599588694e-06,0.06565546423814869,0.0015782953705638647,-0.0070464126765728,0.00010173284681513906,-6.909425639565257e-05,-6.477394465356654e-05,3.102531588014884e-05
164,1622043839.5204217,0.0,-0.004767066799104214,-0.06847940385341644,-0.10978615283966064,2.216795654122472e-05,3.2698280211657105e-06,0.06565701739228724,0.0015782953705638647,0.0057367607951164246,-0.000963531609158963,-1.8882017925122757e-05,1.1974124732827742e-05,4.71993427126187e-05
165,1622043839.5301626,0.0,-0.004783086013048887,-0.06848921626806259,-0.10979601740837097,2.153677499182327e-05,5.507334979018563e-06,0.06565371848538555,-0.004813291132450104,-0.010242206044495106,0.0011669972445815802,8.670057972329439e-05,3.318966992513397e-05,-0.00011545729197294445
166,1622043839.542511,0.0,-0.004783342592418194,-0.06848026812076569,-0.10978049039840698,2.196088963334064e-05,5.472462998583338e-06,0.065653784062583,-0.0005522335413843393,0.0025409674271941185,0.002232261700555682,-2.9597585917432266e-05,6.472445901033927e-05,-0.00011355908572993219
167,1622043839.5568912,0.0,-0.004755980800837278,-0.06847115606069565,-0.10977691411972046,2.16848212389667e-05,1.4058373584216466e-06,0.06565583970656272,0.004774088971316814,-0.009176941588521004,0.006493319757282734,-1.9139999015411955e-05,-9.741179426102344e-05,-1.4417096624807003e-05
168,1622043839.572227,0.0,-0.004762467462569475,-0.06847995519638062,-0.10977095365524292,2.1202642803051786e-05,4.207694261716688e-06,0.0656524247571054,-0.004813291132450104,-0.0038506193086504936,0.0011669972445815802,-7.364266854360661e-06,-5.152024833474529e-05,-9.849664827775799e-05
169,1622043839.5791984,0.0,-0.004750880878418684,-0.06845352798700333,-0.10975652933120728,2.335260828160296e-05,3.37263542209143e-06,0.06565385178573999,0.004774088971316814,-0.009176941588521004,0.00010173284681513906,0.00028499521580955644,-2.8553262785779908e-05,-4.996497999823098e-05
170,1622043839.5894542,0.0,-0.0047567980363965034,-0.0684409886598587,-0.10976123809814453,2.4161019382587523e-05,3.6614684665731145e-06,0.06565401182703473,0.0069046178832650185,0.00041043851524591446,0.0011669972445815802,0.0003176431340185731,-7.944687090856237e-05,3.3462190308590304e-05
171,1622043839.5994368,0.0,-0.004773247055709362,-0.06843600422143936,-0.10975486040115356,2.4132538084191413e-05,4.574422950875956e-06,0.06565537661991845,-0.0016174979973584414,0.0025409674271941185,0.002232261700555682,-6.314146865185801e-06,0.000338806084845192,-0.00041101480202036236
172,1622043839.6092112,0.0,-0.004785987548530102,-0.06842641532421112,-0.10974422097206116,2.4389082876226376e-05,4.358743976091983e-06,0.06565530473991969,-0.004813291132450104,-0.0017200903967022896,-0.002028796123340726,-2.586423066027183e-05,0.00031667472812115107,-0.00037934393222012025
173,1622043839.6192222,0.0,-0.004779648035764694,-0.06839872151613235,-0.10974323749542236,2.7415205959835376e-05,2.4577590541710603e-06,0.06565527647418903,0.004774088971316814,-0.0027853548526763916,-0.003094060579314828,0.00011282413757967307,-2.5464013729330185e-05,-2.4448261764391023e-05
174,1622043839.6291819,0.0,-0.004779349081218243,-0.06842844933271408,-0.10973986983299255,2.5364361199375907e-05,5.065075808941e-06,0.06565344592056242,0.0005130309145897627,-0.0070464126765728,0.002232261700555682,3.126882310707853e-05,-1.8321997717707093e-05,0.0001304249962194618
175,1622043839.639261,0.0,-0.00478877779096365,-0.06844426691532135,-0.109739750623703,2.400373164465619e-05,5.791182628632485e-06,0.06565499196047692,0.0037088242825120687,-0.0070464126765728,-0.002028796123340726,-0.00017990335902614202,6.575935793935073e-05,0.00020668159417103153
176,1622043839.6493347,0.0,-0.004805885720998049,-0.06847605854272842,-0.10976529121398926,2.212616940543144e-05,5.886950561639903e-06,0.0656536171047386,-0.0026827624533325434,-0.0070464126765728,-0.007355118170380592,-0.0001661131881199263,6.687576836603455e-05,2.4074689763835753e-05
177,1622043839.6593707,0.0,-0.00479458412155509,-0.06847906112670898,-0.1097908616065979,2.1472560144786268e-05,5.1945886576226785e-06,0.06565527783748418,-0.0026827624533325434,-0.005981148220598698,0.0011669972445815802,-0.0001264715787972133,-2.4337783992231365e-05,-1.025316715349695e-05
178,1622043839.6694896,0.0,-0.00480492040514946,-0.06847693026065826,-0.10977053642272949,2.1646086546603382e-05,6.968169703025495e-06,0.06565503630183028,0.0005130309145897627,-0.0027853548526763916,0.002232261700555682,-5.0292168414742905e-05,1.251375439294126e-05,1.8478766468579257e-05
179,1622043839.6792605,0.0,-0.0048160189762711525,-0.068413145840168,-0.1097804605960846,2.6248084323478305e-05,6.381694644119751e-06,0.06565166954674845,-0.0005522335413843393,0.007867289707064629,-0.004159324802458286,0.00016332104079242254,0.00010081279443856612,-0.00015697661968029722
180,1622043839.6892095,0.0,-0.004845378454774618,-0.06840680539608002,-0.10979580879211426,2.7483304237428674e-05,7.861688601694394e-06,0.06565306097657436,0.0005130309145897627,0.00041043851524591446,-0.002028796123340726,0.00028099285303458235,6.25895147043309e-05,-1.9209999333506448e-05
181,1622043839.7034225,0.0,-0.00483564380556345,-0.06840924173593521,-0.10976600646972656,2.567236355809077e-05,8.567219301924833e-06,0.06565318122881042,0.0037088242825120687,-0.0006548259407281876,0.012884906493127346,7.338862906259213e-05,9.211221746701823e-05,5.839520336009693e-05
182,1622043839.713439,0.0,-0.004827965050935745,-0.0683988705277443,-0.10979205369949341,2.7445219611711702e-05,8.125164196071122e-06,0.06565155104892145,0.004774088971316814,-0.008111677132546902,0.003297526156529784,-1.657806363266041e-05,-5.713941381736385e-06,-0.00014136789725716057
183,1622043839.7233107,0.0,-0.004804696887731552,-0.06841704994440079,-0.10980618000030518,2.7150693976005225e-05,6.427349594217979e-06,0.065651967818237,0.0015782953705638647,-0.004915883764624596,-0.004159324802458286,9.292252967623096e-06,-8.647190166206673e-05,-0.00012504237558124637
184,1622043839.7332168,0.0,-0.004795041400939226,-0.06839317828416824,-0.10981619358062744,2.8810532929475496e-05,4.74187480363486e-06,0.0656517707547306,0.0005130309145897627,0.0014757029712200165,0.003297526156529784,8.892968599560976e-06,-0.0001779449403774466,7.406302702821956e-05
185,1622043839.7435377,0.0,-0.0047990065068006516,-0.06836866587400436,-0.1098349392414093,2.9260361865665607e-05,5.7958811188543735e-06,0.0656518914928704,-0.0016174979973584414,-0.0017200903967022896,0.00010173284681513906,8.08710930405614e-05,-9.106099071587223e-05,7.919998145615838e-05
186,1622043839.7532744,0.0,-0.004788833670318127,-0.06839459389448166,-0.10983738303184509,2.7529356593204712e-05,5.164773725405136e-06,0.06565518220929399,-0.005878555588424206,-0.0006548259407281876,-0.000963531609158963,-7.322487062666881e-05,-6.341936588190935e-05,0.00013003182467761655
187,1622043839.7632582,0.0,-0.004767251200973988,-0.06838628649711609,-0.10984182357788086,2.705080590512804e-05,4.069943173833079e-06,0.06564917886348728,-0.0026827624533325434,0.0014757029712200165,0.002232261700555682,-0.00012466432898665123,-0.0001792281626798764,-1.786634846079852e-05
188,1622043839.7734983,0.0,-0.004766262136399746,-0.068391814827919,-0.10983815789222717,2.8169279753992305e-05,3.6221229265040455e-06,0.06565377716511317,-0.006943820044398308,-0.0038506193086504936,-0.002028796123340726,-5.6367801312457175e-05,-0.00011453919416677911,-0.00010306969873476959
189,1622043839.7833636,0.0,-0.004787337500602007,-0.0684426799416542,-0.10985499620437622,2.4846677742010326e-05,5.514335543403692e-06,0.0656519895791859,-0.0005522335413843393,-0.0017200903967022896,0.007558584213256836,-0.00014089083768415052,7.198041043116049e-05,0.00010488618818757398
190,1622043839.7955198,0.0,-0.004794495180249214,-0.06839840114116669,-0.10985079407691956,2.8342769747939645e-05,6.611618709816136e-06,0.06565635545194388,-0.005878555588424206,0.0036062318831682205,0.005428055301308632,-1.8348946343586642e-05,0.00010830864689881347,0.00011775572639360186
191,1622043839.8241286,0.0,-0.004776613786816597,-0.06834389269351959,-0.1098509430885315,3.1583753748697097e-05,2.8222375902456354e-06,0.06565366855330265,0.0026435598265379667,0.0046714963391423225,0.00010173284681513906,0.000278407601558397,6.579957182070321e-05,0.00022491185104536653
192,1622043839.838054,0.0,-0.00478020403534174,-0.06837338209152222,-0.10986888408660889,2.9333763977595906e-05,4.39670839576245e-06,0.06565528584842413,0.0058393534272909164,-0.009176941588521004,-0.000963531609158963,6.183135387349927e-05,6.621286864146919e-05,6.52989956846489e-05
193,1622043839.8472085,0.0,-0.0047874245792627335,-0.06836067885160446,-0.10985958576202393,3.0574489153577245e-05,3.6501486849194187e-06,0.0656566134157101,0.0015782953705638647,0.0036062318831682205,0.003297526156529784,-0.00012514886281115204,0.0001229297480708626,-0.00010984481757511186
194,1622043839.8572736,0.0,-0.004782439209520817,-0.06833746284246445,-0.10985666513442993,3.140574068911245e-05,4.317073980804331e-06,0.06565510429963355,0.0015782953705638647,-0.0027853548526763916,0.003297526156529784,3.3155656745089196e-05,8.491885853103607e-05,-0.0001358565036164964
195,1622043839.8672023,0.0,-0.004784342832863331,-0.06833162903785706,-0.10986563563346863,3.090755277738305e-05,4.779793156564627e-06,0.06565190501470636,0.0026435598265379667,0.00041043851524591446,-0.003094060579314828,2.0330704523038036e-05,5.445985764081464e-05,-0.00011950216558757735
196,1622043839.8771133,0.0,-0.004749427083879709,-0.06833212077617645,-0.1098434329032898,3.134404718244804e-05,1.0009343313424623e-06,0.06565248139332129,-0.0005522335413843393,-0.0017200903967022896,-0.002028796123340726,5.169184031564298e-06,-0.0001183002291221951,-0.0002070186158383403
197,1622043839.887437,0.0,-0.00476072309538722,-0.06831679493188858,-0.10984581708908081,3.259216660836395e-05,2.908039325080769e-06,0.06565227391366855,0.0037088242825120687,-0.0038506193086504936,-0.011616175994277,9.631832983236184e-05,-0.00012597379416944495,-3.3438554937460464e-06
198,1622043839.8972757,0.0,-0.004752026870846748,-0.06830742210149765,-0.10986435413360596,3.5372508172842876e-05,3.0856811586155164e-06,0.06565362111233972,-0.0016174979973584414,-0.0017200903967022896,-0.002028796123340726,0.00012169957159295892,4.4800073106768535e-05,0.00013851017820403264
199,1622043839.907256,0.0,-0.004777256399393082,-0.068348728120327,-0.10987061262130737,3.087539249228832e-05,5.214456102894949e-06,0.06565202407911619,-0.0037480269093066454,-0.0027853548526763916,0.00010173284681513906,-0.00011427111605221493,2.3053709574069367e-05,5.206103989010895e-05
200,1622043839.9172287,0.0,-0.004766105208545923,-0.06832465529441833,-0.10985386371612549,3.281203145919648e-05,3.1565436811251124e-06,0.0656566928724925,0.0015782953705638647,-0.0006548259407281876,0.003297526156529784,-0.00013465453650207614,0.00011116548588741609,5.287671261460206e-06
